<rule id="261990" level="10">
	<if_group>sysmon_event1</if_group>
	<field name="win.eventdata.CommandLine">\\\\SYSVOL\\\\\.*\\\\policies\\\\</field>
	<description>ATT&CK T1003: Suspicious SYSVOL Domain Group Policy Access</description>
	<info type="text">Detects Access to Domain Group Policies stored in SYSVOL </info>
	<info type="text">Falsepositives: administrative activity. </info>
	<info type="text">Sigma UUID: 05f3c945-dcc8-4393-9f3d-af65077a8f86 </info>
	<info type="link">https://adsecurity.org/?p=2288 </info>
	<info type="link">https://www.hybrid-analysis.com/sample/f2943f5e45befa52fb12748ca7171d30096e1d4fc3c365561497c618341299d5?environmentId=100 </info>
	<group>attack.credential_access,attack.t1003,MITRE</group>
</rule>

