<rule id="260220" level="14">
	<if_group>windows</if_group>
	<field name="win.system.EventID">^4799$</field>
	<field name="win.eventdata.GroupName">Administrators</field>
	<field name="win.eventdata.ProcessName">\\\\checkadmin.exe</field>
	<description>ATT&CK: Operation Wocao Activity</description>
	<info type="text">Detects activity mentioned in Operation Wocao report </info>
	<info type="text">Falsepositives: Administrators that use checkadmin.exe tool to enumerate local administrators. </info>
	<info type="text">Sigma UUID: 74ad4314-482e-4c3e-b237-3f7ed3b9ca8d </info>
	<info type="link">https://www.fox-it.com/en/news/whitepapers/operation-wocao-shining-a-light-on-one-of-chinas-hidden-hacking-groups/ </info>
	<info type="link">https://twitter.com/SBousseaden/status/1207671369963646976 </info>
	<group>MITRE</group>
</rule>

<rule id="260221" level="14">
	<if_group>sysmon_event1</if_group>
	<field name="win.eventdata.CommandLine">checkadmin.exe\s+127.0.0.1\s+-all|netsh\s+advfirewall\s+firewall\s+add\s+rule\s+name=powershell\s+dir=in|cmd\s+/c\s+powershell.exe\s+-ep\s+bypass\s+-file\s+\.:\\\\s.ps1|/tn\s+win32times\s+/f|create\s+win32times\s+binPath=|\\\\c\$\\\\windows\\\\system32\\\\devmgr.dll| -exec\s+bypass\s+-enc\s+JgAg|type \.*keepass\\\\KeePass.config.xml|iie.exe\s+iie.txt|reg\s+query\s+HKEY_CURRENT_USER\\\\Software\.*\\\\PuTTY\\\\Sessions\\\\</field>
	<description>ATT&CK: Operation Wocao Activity</description>
	<info type="text">Detects activity mentioned in Operation Wocao report </info>
	<info type="text">Falsepositives: Administrators that use checkadmin.exe tool to enumerate local administrators. </info>
	<info type="text">Sigma UUID: 74ad4314-482e-4c3e-b237-3f7ed3b9ca8d </info>
	<info type="link">https://www.fox-it.com/en/news/whitepapers/operation-wocao-shining-a-light-on-one-of-chinas-hidden-hacking-groups/ </info>
	<info type="link">https://twitter.com/SBousseaden/status/1207671369963646976 </info>
	<group>MITRE</group>
</rule>

