<rule id="261010" level="15">
	<if_group>sysmon_event1</if_group>
	<field name="win.eventdata.CommandLine">AAAAYInlM</field>
	<field name="win.eventdata.CommandLine">OiCAAAAYInlM|OiJAAAAYInlM</field>
	<description>ATT&CK T1036: PowerShell Base64 Encoded Shellcode</description>
	<info type="text">Detects Base64 encoded Shellcode </info>
	<info type="text">Falsepositives: Unknown. </info>
	<info type="text">Sigma UUID: 2d117e49-e626-4c7c-bd1f-c3c0147774c8 </info>
	<info type="link">https://twitter.com/cyb3rops/status/1063072865992523776 </info>
	<group>attack.defense_evasion,attack.t1036,MITRE</group>
</rule>
