<rule id="261580" level="14">
	<if_group>sysmon_event1</if_group>
	<field name="win.eventdata.Image">\.:\\\\PerfLogs\\\\|\.:\\\\\$Recycle.bin\\\\|\.:\\\\Intel\\\\Logs\\\\|\.:\\\\Users\\\\Default\\\\|\.:\\\\Users\\\\Public\\\\|\.:\\\\Users\\\\NetworkService\\\\|\.:\\\\Windows\\\\Fonts\\\\|\.:\\\\Windows\\\\Debug\\\\|\.:\\\\Windows\\\\Media\\\\|\.:\\\\Windows\\\\Help\\\\|\.:\\\\Windows\\\\addins\\\\|\.:\\\\Windows\\\\repair\\\\|\.:\\\\Windows\\\\security\\\\|\\\\RSA\\\\MachineKeys\\\\|\.:\\\\Windows\\\\system32\\\\config\\\\systemprofile\\\\|\.:\\\\Windows\\\\Tasks\\\\|\.:\\\\Windows\\\\System32\\\\Tasks\\\\</field>
	<description>ATT&CK T1036: Executables Started in Suspicious Folder</description>
	<info type="text">Detects process starts of binaries from a suspicious folder </info>
	<info type="text">Falsepositives: Unknown. </info>
	<info type="text">Sigma UUID: 7a38aa19-86a9-4af7-ac51-6bfe4e59f254 </info>
	<info type="link">https://github.com/mbevilacqua/appcompatprocessor/blob/master/AppCompatSearch.txt </info>
	<info type="link">https://www.secureworks.com/research/bronze-butler-targets-japanese-businesses </info>
	<info type="link">https://www.crowdstrike.com/resources/reports/2019-crowdstrike-global-threat-report/ </info>
	<info type="link">https://github.com/ThreatHuntingProject/ThreatHunting/blob/master/hunts/suspicious_process_creation_via_windows_event_logs.md </info>
	<group>attack.defense_evasion,attack.t1036,MITRE</group>
</rule>

