<rule id="260890" level="8">
	<if_group>sysmon_event1</if_group>
	<field name="win.eventdata.Image">\\\\tshark.exe$</field>
	<field name="win.eventdata.CommandLine">-i</field>
	<description>ATT&CK T1040: Network Sniffing</description>
	<info type="text">Network sniffing refers to using the network interface on a system to monitor or capture information sent over a wired or wireless connection. An adversary may place a network interface into promiscuous mode to passively access data in transit over the network, or use span ports to capture a larger amount of data. </info>
	<info type="text">Falsepositives: Admin activity. </info>
	<info type="text">Sigma UUID: ba1f7802-adc7-48b4-9ecb-81e227fddfd5 </info>
	<info type="link">https://github.com/redcanaryco/atomic-red-team/blob/master/atomics/T1040/T1040.yaml </info>
	<group>attack.credential_access,attack.discovery,attack.t1040,MITRE</group>
</rule>

<rule id="260891" level="8">
	<if_group>sysmon_event1</if_group>
	<field name="win.eventdata.Image">\\\\windump.exe$</field>
	<description>ATT&CK T1040: Network Sniffing</description>
	<info type="text">Network sniffing refers to using the network interface on a system to monitor or capture information sent over a wired or wireless connection. An adversary may place a network interface into promiscuous mode to passively access data in transit over the network, or use span ports to capture a larger amount of data. </info>
	<info type="text">Falsepositives: Admin activity. </info>
	<info type="text">Sigma UUID: ba1f7802-adc7-48b4-9ecb-81e227fddfd5 </info>
	<info type="link">https://github.com/redcanaryco/atomic-red-team/blob/master/atomics/T1040/T1040.yaml </info>
	<group>attack.credential_access,attack.discovery,attack.t1040,MITRE</group>
</rule>

