<rule id="260200" level="14">
	<if_group>sysmon_event1</if_group>
	<field name="win.eventdata.CommandLine">cyzfc.dat,\s+PointFunctionCall</field>
	<description>ATT&CK T1085: Unidentified Attacker November 2018</description>
	<info type="text">A sigma rule detecting an unidetefied attacker who used phishing emails to target high profile orgs on November 2018. The Actor shares some TTPs with YYTRIUM/APT29 campaign in 2016. </info>
	<info type="text">Sigma UUID: 7453575c-a747-40b9-839b-125a0aae324b </info>
	<info type="link">https://twitter.com/DrunkBinary/status/1063075530180886529 </info>
	<group>attack.execution,attack.t1085,MITRE</group>
</rule>

<rule id="260201" level="14">
	<if_group>sysmon_event_11</if_group>
	<field name="win.eventdata.TargetFilename">ds7002.lnk</field>
	<description>ATT&CK T1085: Unidentified Attacker November 2018</description>
	<info type="text">A sigma rule detecting an unidetefied attacker who used phishing emails to target high profile orgs on November 2018. The Actor shares some TTPs with YYTRIUM/APT29 campaign in 2016. </info>
	<info type="text">Sigma UUID: 7453575c-a747-40b9-839b-125a0aae324b </info>
	<info type="link">https://twitter.com/DrunkBinary/status/1063075530180886529 </info>
	<group>attack.execution,attack.t1085,MITRE</group>
</rule>

