<rule id="262230" level="15">
	<if_group>sysmon_event1</if_group>
	<field name="win.eventdata.ParentImage">\\\\WmiPrvSe.exe$</field>
	<match>!NT AUTHORITY\\SYSTEM</match>
	<description>ATT&CK T1047: Wmiprvse Spawning Process</description>
	<info type="text">Detects wmiprvse spawning processes </info>
	<info type="text">Falsepositives: Unknown. </info>
	<info type="text">Sigma UUID: d21374ff-f574-44a7-9998-4a8c8bf33d7d </info>
	<info type="link">https://github.com/Cyb3rWard0g/ThreatHunter-Playbook/tree/master/playbooks/windows/02_execution/T1047_windows_management_instrumentation/wmi_win32_process_create_remote.md </info>
	<group>attack.execution,attack.t1047,MITRE</group>
</rule>

<rule id="262231" level="0">
	<if_sid>262230</if_sid>
	<field name="win.eventdata.LogonId">0x3e7</field>
	<description>Whitelist Interaction: Wmiprvse Spawning Process</description>
	<group>attack.execution,attack.t1047,MITRE</group>
</rule>
