<rule id="262060" level="14">
	<if_group>sysmon_event1</if_group>
	<field name="win.eventdata.Image">\\\\whoami.exe</field>
	<description>ATT&CK T1033: Whoami Execution</description>
	<info type="text">Detects the execution of whoami, which is often used by attackers after exloitation / privilege escalation but rarely used by administrators </info>
	<info type="text">Falsepositives: Admin activity. Scripts and administrative tools used in the monitored environment. </info>
	<info type="text">Sigma UUID: e28a5a99-da44-436d-b7a0-2afc20a5f413 </info>
	<info type="link">https://brica.de/alerts/alert/public/1247926/agent-tesla-keylogger-delivered-inside-a-power-iso-daa-archive/ </info>
	<info type="link">https://app.any.run/tasks/7eaba74e-c1ea-400f-9c17-5e30eee89906/ </info>
	<group>attack.discovery,attack.t1033,car.2016-03-001,MITRE</group>
</rule>

<rule id="262061" level="14">
	<if_group>sysmon_event1</if_group>
	<field name="win.eventdata.OriginalFileName">whoami.exe</field>
	<description>ATT&CK T1033: Whoami Execution</description>
	<info type="text">Detects the execution of whoami, which is often used by attackers after exloitation / privilege escalation but rarely used by administrators </info>
	<info type="text">Falsepositives: Admin activity. Scripts and administrative tools used in the monitored environment. </info>
	<info type="text">Sigma UUID: e28a5a99-da44-436d-b7a0-2afc20a5f413 </info>
	<info type="link">https://brica.de/alerts/alert/public/1247926/agent-tesla-keylogger-delivered-inside-a-power-iso-daa-archive/ </info>
	<info type="link">https://app.any.run/tasks/7eaba74e-c1ea-400f-9c17-5e30eee89906/ </info>
	<group>attack.discovery,attack.t1033,car.2016-03-001,MITRE</group>
</rule>

