<rule id="261700" level="14">
	<if_group>sysmon_event1</if_group>
	<field name="win.eventdata.Image">\\\\OpenWith.exe$</field>
	<field name="win.eventdata.CommandLine">/c</field>
	<description>ATT&CK T1218: OpenWith.exe Executes Specified Binary</description>
	<info type="text">The OpenWith.exe executes other binary </info>
	<info type="text">Falsepositives: Legitimate use of OpenWith.exe by legitimate user. </info>
	<info type="text">Sigma UUID: cec8e918-30f7-4e2d-9bfa-a59cc97ae60f </info>
	<info type="link">https://github.com/LOLBAS-Project/LOLBAS/blob/master/yml/LOLUtilz/OSBinaries/Openwith.yml </info>
	<info type="link">https://twitter.com/harr0ey/status/991670870384021504 </info>
	<group>attack.defense_evasion,attack.execution,attack.t1218,MITRE</group>
</rule>

