<rule id="261630" level="14">
	<if_group>sysmon_event1</if_group>
	<field name="win.eventdata.Image">\\\\msiexec.exe</field>
	<match>!:\\Windows\\System32\\|:\\Windows\\SysWOW64\\|:\\Windows\\WinSxS\\</match>
	<description>ATT&CK T1036: Suspicious MsiExec Directory</description>
	<info type="text">Detects suspicious msiexec process starts in an uncommon directory </info>
	<info type="text">Falsepositives: Unknown. </info>
	<info type="text">Sigma UUID: e22a6eb2-f8a5-44b5-8b44-a2dbd47b1144 </info>
	<info type="link">https://twitter.com/200_okay_/status/1194765831911215104 </info>
	<group>attack.defense_evasion,attack.t1036,MITRE</group>
</rule>
