<rule id="261800" level="9">
	<if_group>sysmon_event1</if_group>
	<field name="win.eventdata.CommandLine"> sekurlsa:|net\s+localgroup\s+administrators \.* /add|net\s+group\s+"Domain\s+Admins" \.* /ADD\s+/DOMAIN|certutil.exe \.*-urlcache\.* http|certutil.exe \.*-urlcache\.* ftp|netsh\s+advfirewall\s+firewall \.*\\\\AppData\\\\|attrib\s+\pS\s+\pH\s+\pR \.*\\\\AppData\\\\|schtasks\.* /create \.*\\\\AppData\\\\|schtasks\.* /sc\s+minute|\\\\Regasm.exe \.*\\\\AppData\\\\|\\\\Regasm \.*\\\\AppData\\\\|\\\\bitsadmin\.* /transfer|\\\\certutil.exe \.* -decode |\\\\certutil.exe \.* -decodehex |\\\\certutil.exe\s+-ping |icacls \.* /grant\s+Everyone:F\s+/T\s+/C\s+/Q| wbadmin.exe\s+delete\s+catalog\s+-quiet|\\\\wscript.exe \.*.jse|\\\\wscript.exe \.*.js|\\\\wscript.exe \.*.vba|\\\\wscript.exe \.*.vbe|\\\\cscript.exe \.*.jse|\\\\cscript.exe \.*.js|\\\\cscript.exe \.*.vba|\\\\cscript.exe \.*.vbe|\\\\fodhelper.exe|waitfor\.*/s|waitfor\.*/si\s+persist|remote\.*/s|remote\.*/c|remote\.*/q|AddInProcess| /stext | /scomma | /stab | /stabular | /shtml | /sverhtml | /sxml </field>
	<description>ATT&CK: Suspicious Process Creation</description>
	<info type="text">Detects suspicious process starts on Windows systems based on keywords </info>
	<info type="text">Falsepositives: False positives depend on scripts and administrative tools used in the monitored environment. </info>
	<info type="text">Sigma UUID: 5f0f47a5-cb16-4dbe-9e31-e8d976d73de3 </info>
	<info type="link">https://www.swordshield.com/2015/07/getting-hashes-from-ntds-dit-file/ </info>
	<info type="link">https://www.youtube.com/watch?v=H3t_kHQG1Js&feature=youtu.be&t=15m35s </info>
	<info type="link">https://winscripting.blog/2017/05/12/first-entry-welcome-and-uac-bypass/ </info>
	<info type="link">https://twitter.com/subTee/status/872244674609676288 </info>
	<info type="link">https://docs.microsoft.com/en-us/windows-hardware/drivers/debugger/remote-tool-examples </info>
	<info type="link">https://tyranidslair.blogspot.ca/2017/07/dg-on-windows-10-s-executing-arbitrary.html </info>
	<info type="link">https://www.trustedsec.com/2017/07/new-tool-release-nps_payload/ </info>
	<info type="link">https://subt0x10.blogspot.ca/2017/04/bypassing-application-whitelisting.html </info>
	<info type="link">https://gist.github.com/subTee/7937a8ef07409715f15b84781e180c46#file-rat-bat </info>
	<info type="link">https://twitter.com/vector_sec/status/896049052642533376 </info>
	<info type="link">http://security-research.dyndns.org/pub/slides/FIRST-TC-2018/FIRST-TC-2018_Tom-Ueltschi_Sysmon_PUBLIC.pdf </info>
	<group>car.2013-07-001,MITRE</group>
</rule>

