<rule id="262020" level="14">
	<if_group>sysmon_event1</if_group>
	<field name="win.eventdata.User">NT AUTHORITY\\\\SYSTEM</field>
	<field name="win.eventdata.Image">\\\\tscon.exe</field>
	<description>ATT&CK T1219: Suspicious TSCON Start</description>
	<info type="text">Detects a tscon.exe start as LOCAL SYSTEM </info>
	<info type="text">Falsepositives: Unknown. </info>
	<info type="text">Sigma UUID: 9847f263-4a81-424f-970c-875dab15b79b </info>
	<info type="link">http://www.korznikov.com/2017/03/0-day-or-feature-privilege-escalation.html </info>
	<info type="link">https://medium.com/@networksecurity/rdp-hijacking-how-to-hijack-rds-and-remoteapp-sessions-transparently-to-move-through-an-da2a1e73a5f6 </info>
	<group>attack.command_and_control,attack.t1219,MITRE</group>
</rule>

