<rule id="260130" level="15">
	<if_group>sysmon_event1</if_group>
	<field name="win.eventdata.CommandLine">\\\\ldifde.exe\s+-f\s+-n |\\\\7za.exe\s+a\s+1.7z | eprod.ldf|\\\\aaaa\\\\procdump64.exe|\\\\aaaa\\\\netsess.exe|\\\\aaaa\\\\7za.exe|copy\s+.\\\\1.7z\s+\\\\|copy\s+\\\\\\\\client\\\\c\$\\\\aaaa\\\\</field>
	<description>ATT&CK T1098 T1002: Judgement Panda Exfil Activity</description>
	<info type="text">Detects Judgement Panda activity as described in Global Threat Report 2019 by Crowdstrike </info>
	<info type="text">Falsepositives: unknown. </info>
	<info type="text">Sigma UUID: 03e2746e-2b31-42f1-ab7a-eb39365b2422 </info>
	<info type="link">https://www.crowdstrike.com/resources/reports/2019-crowdstrike-global-threat-report/ </info>
	<group>attack.lateral_movement,attack.g0010,attack.credential_access,attack.t1098,attack.exfiltration,attack.t1002,MITRE</group>
</rule>

<rule id="260131" level="15">
	<if_group>sysmon_event1</if_group>
	<field name="win.eventdata.Image">\.:\\\\Users\\\\Public\\\\7za.exe</field>
	<description>ATT&CK T1098 T1002: Judgement Panda Exfil Activity</description>
	<info type="text">Detects Judgement Panda activity as described in Global Threat Report 2019 by Crowdstrike </info>
	<info type="text">Falsepositives: unknown. </info>
	<info type="text">Sigma UUID: 03e2746e-2b31-42f1-ab7a-eb39365b2422 </info>
	<info type="link">https://www.crowdstrike.com/resources/reports/2019-crowdstrike-global-threat-report/ </info>
	<group>attack.lateral_movement,attack.g0010,attack.credential_access,attack.t1098,attack.exfiltration,attack.t1002,MITRE</group>
</rule>

