<!-- RegEx has to be converted to Wazuh RegEx -->
<!-- <rule id="260610" level="14">
	<if_group>sysmon_event1</if_group>
	<description>ATT&CK T1027: Invoke-Obfuscation Obfuscated IEX Invocation</description>
	<info type="text">Detects all variations of obfuscated powershell IEX invocation code generated by Invoke-Obfuscation framework from the following code block � https://github.com/danielbohannon/Invoke-Obfuscation/blob/master/Out-ObfuscatedStringCommand.ps1#L873-L888 </info>
	<info type="text">Falsepositives: Unknown. </info>
	<info type="text">Sigma UUID: 4bf943c6-5146-4273-98dd-e958fd1e3abf </info>
	<group>attack.defense_evasion,attack.t1027,MITRE</group>
</rule> -->
