<rule id="261420" level="14">
	<if_group>sysmon_event1</if_group>
	<field name="win.eventdata.OriginalFileName">7z\.*.exe|rar.exe|Command\.*Line\.*RAR</field>
	<field name="win.eventdata.CommandLine"> -p| -ta| -tb| -sdel| -dw| -hp</field>
	<description>ATT&CK T1020 T1002: Suspicious Compression Tool Parameters</description>
	<info type="text">Detects suspicious command line arguments of common data compression tools </info>
	<info type="text">Falsepositives: unknown. </info>
	<info type="text">Sigma UUID: 27a72a60-7e5e-47b1-9d17-909c9abafdcd </info>
	<info type="link">https://twitter.com/SBousseaden/status/1184067445612535811 </info>
	<group>attack.exfiltration,attack.t1020,attack.t1002,MITRE</group>
</rule>

<rule id="261421" level="0">
	<if_sid>261420</if_sid>
	<field name="win.eventdata.ParentImage">\.:\\\\Program</field>
	<description>Whitelist Interaction: Suspicious Compression Tool Parameters</description>
	<group>attack.exfiltration,attack.t1020,attack.t1002,MITRE</group>
</rule>
