<rule id="261530" level="15">
	<if_group>sysmon_event1</if_group>
	<field name="win.eventdata.Image">.doc.exe|.docx.exe|.xls.exe|.xlsx.exe|.ppt.exe|.pptx.exe|.rtf.exe|.pdf.exe|.txt.exe|      .exe|______.exe</field>
	<description>ATT&CK T1193: Suspicious Double Extension</description>
	<info type="text">Detects suspicious use of an .exe extension after a non-executable file extension like .pdf.exe, a set of spaces or underlines to cloak the executable file in spear phishing campaigns </info>
	<info type="text">Falsepositives: Unknown. </info>
	<info type="text">Sigma UUID: 1cdd9a09-06c9-4769-99ff-626e2b3991b8 </info>
	<info type="link">https://blu3-team.blogspot.com/2019/06/misleading-extensions-xlsexe-docexe.html </info>
	<info type="link">https://twitter.com/blackorbird/status/1140519090961825792 </info>
	<group>attack.initial_access,attack.t1193,MITRE</group>
</rule>

