<rule id="261510" level="10">
	<if_group>sysmon_event1</if_group>
	<field name="win.eventdata.Image">\\\\reg.exe$</field>
	<field name="win.eventdata.CommandLine">add</field>
	<field name="win.eventdata.CommandLine">\\\\software\\\\Microsoft\\\\Windows\\\\CurrentVersion\\\\Run|\\\\software\\\\Microsoft\\\\Windows\\\\CurrentVersion\\\\RunOnce|\\\\software\\\\Microsoft\\\\Windows\\\\CurrentVersion\\\\RunOnceEx|\\\\software\\\\Microsoft\\\\Windows\\\\CurrentVersion\\\\RunServices|\\\\software\\\\Microsoft\\\\Windows\\\\CurrentVersion\\\\RunServicesOnce|\\\\software\\\\Microsoft\\\\Windows\s+NT\\\\CurrentVersion\\\\Winlogon\\\\Userinit|\\\\software\\\\Microsoft\\\\Windows\s+NT\\\\CurrentVersion\\\\Winlogon\\\\Shell|\\\\software\\\\Microsoft\\\\Windows\s+NT\\\\CurrentVersion\\\\Windows|\\\\software\\\\Microsoft\\\\Windows\\\\CurrentVersion\\\\Explorer\\\\User\s+Shell\s+Folders|\\\\system\\\\CurrentControlSet\\\\Control\\\\SafeBoot\\\\AlternateShell</field>
	<description>ATT&CK T1060: Direct Autorun Keys Modification</description>
	<info type="text">Detects direct modification of autostart extensibility point (ASEP) in registry using reg.exe. </info>
	<info type="text">Falsepositives: Legitimate software automatically (mostly, during installation) sets up autorun keys for legitimate reason. Legitimate administrator sets up autorun keys for legitimate reason. </info>
	<info type="text">Sigma UUID: 24357373-078f-44ed-9ac4-6d334a668a11 </info>
	<info type="link">https://github.com/redcanaryco/atomic-red-team/blob/master/atomics/T1060/T1060.yaml </info>
	<group>attack.persistence,attack.t1060,MITRE</group>
</rule>

