<rule id="261670" level="8">
	<if_group>sysmon_event1</if_group>
	<field name="win.eventdata.Image">\\\\net.exe|\\\\net1.exe</field>
	<field name="win.eventdata.CommandLine"> group| localgroup| user| view| share| accounts| use| stop </field>
	<description>ATT&CK S0039 T1027 T1049 T1077 T1135: Net.exe Execution</description>
	<info type="text">Detects execution of Net.exe, whether suspicious or benign. </info>
	<info type="text">Falsepositives: Will need to be tuned. If using Splunk, I recommend | stats count by Computer,CommandLine following the search for easy hunting by computer/CommandLine.. </info>
	<info type="text">Sigma UUID: 183e7ea8-ac4b-4c23-9aec-b3dac4e401ac </info>
	<info type="link">https://pentest.blog/windows-privilege-escalation-methods-for-pentesters/ </info>
	<info type="link">https://eqllib.readthedocs.io/en/latest/analytics/4d2e7fc1-af0b-4915-89aa-03d25ba7805e.html </info>
	<info type="link">https://eqllib.readthedocs.io/en/latest/analytics/e61f557c-a9d0-4c25-ab5b-bbc46bb24deb.html </info>
	<info type="link">https://eqllib.readthedocs.io/en/latest/analytics/9b3dd402-891c-4c4d-a662-28947168ce61.html </info>
	<group>attack.s0039,attack.t1027,attack.t1049,attack.t1077,attack.t1135,attack.lateral_movement,attack.discovery,attack.defense_evasion,MITRE</group>
</rule>
