<rule id="261880" level="14">
	<if_group>sysmon_event1</if_group>
	<field name="win.eventdata.Hashes">IMPPHASH=6834B1B94E49701D77CCB3C0895E1AFD</field>
	<match>!\\dctask64.exe</match>
	<description>ATT&CK T1055: Renamed ZOHO Dctask64</description>
	<info type="text">Detects a renamed dctask64.exe used for process injection, command execution, process creation with a signed binary by ZOHO Corporation </info>
	<info type="text">Falsepositives: Unknown yet. </info>
	<info type="text">Sigma UUID: 340a090b-c4e9-412e-bb36-b4b16fe96f9b </info>
	<info type="link">https://twitter.com/gN3mes1s/status/1222088214581825540 </info>
	<info type="link">https://twitter.com/gN3mes1s/status/1222095963789111296 </info>
	<info type="link">https://twitter.com/gN3mes1s/status/1222095371175911424 </info>
	<group>attack.defense_evasion,attack.t1055,MITRE</group>
</rule>
