<rule id="262260" level="14">
	<if_group>sysmon_event1</if_group>
	<field name="win.eventdata.ParentImage">\\\\wmiprvse.exe</field>
	<field name="win.eventdata.Image">\\\\powershell.exe</field>
	<description>ATT&CK T1064: WMI Spawning Windows PowerShell</description>
	<info type="text">Detects WMI spawning PowerShell </info>
	<info type="text">Falsepositives: AppvClient. CCM. </info>
	<info type="text">Sigma UUID: 692f0bec-83ba-4d04-af7e-e884a96059b6 </info>
	<info type="link">https://github.com/Neo23x0/sigma/blob/master/rules/windows/process_creation/win_shell_spawn_susp_program.yml </info>
	<info type="link">https://any.run/report/68bc255f9b0db6a0d30a8f2dadfbee3256acfe12497bf93943bc1eab0735e45e/a2385d6f-34f7-403c-90d3-b1f9d2a90a5e </info>
	<group>attack.execution,attack.defense_evasion,attack.t1064,MITRE</group>
</rule>

