<rule id="261040" level="10">
	<if_group>sysmon_event1</if_group>
	<field name="win.eventdata.CommandLine"> -version\s+2 | -versio\s+2 | -versi\s+2 | -vers\s+2 | -ver\s+2 | -ve\s+2 </field>
	<field name="win.eventdata.Image">\\\\powershell.exe$</field>
	<description>ATT&CK T1086: PowerShell Downgrade Attack</description>
	<info type="text">Detects PowerShell downgrade attack by comparing the host versions with the actually used engine version 2.0 </info>
	<info type="text">Falsepositives: Penetration Test. Unknown. </info>
	<info type="text">Sigma UUID: b3512211-c67e-4707-bedc-66efc7848863 </info>
	<info type="link">http://www.leeholmes.com/blog/2017/03/17/detecting-and-preventing-powershell-downgrade-attacks/ </info>
	<group>attack.defense_evasion,attack.execution,attack.t1086,MITRE</group>
</rule>

