<rule id="261920" level="8">
	<if_group>sysmon_event1</if_group>
	<field name="win.eventdata.Image">\\\\schtasks.exe</field>
	<field name="win.eventdata.CommandLine"> /create </field>
	<match>!NT AUTHORITY\\SYSTEM</match>
	<description>ATT&CK T1053 S0111: Scheduled Task Creation</description>
	<info type="text">Detects the creation of scheduled tasks in user session </info>
	<info type="text">Falsepositives: Administrative activity. Software installation. </info>
	<info type="text">Sigma UUID: 92626ddd-662c-49e3-ac59-f6535f12d189 </info>
	<group>attack.execution,attack.persistence,attack.privilege_escalation,attack.t1053,attack.s0111,car.2013-08-001,MITRE</group>
</rule>
