<rule id="262030" level="14">
	<if_group>sysmon_event1</if_group>
	<field name="win.eventdata.CommandLine"> /dest:rdp-tcp:</field>
	<description>ATT&CK T1076: Suspicious RDP Redirect Using TSCON</description>
	<info type="text">Detects a suspicious RDP session redirect using tscon.exe </info>
	<info type="text">Falsepositives: Unknown. </info>
	<info type="text">Sigma UUID: f72aa3e8-49f9-4c7d-bd74-f8ab84ff9bbb </info>
	<info type="link">http://www.korznikov.com/2017/03/0-day-or-feature-privilege-escalation.html </info>
	<info type="link">https://medium.com/@networksecurity/rdp-hijacking-how-to-hijack-rds-and-remoteapp-sessions-transparently-to-move-through-an-da2a1e73a5f6 </info>
	<group>attack.lateral_movement,attack.privilege_escalation,attack.t1076,car.2013-07-002,MITRE</group>
</rule>

