<rule id="261050" level="10">
	<if_group>sysmon_event1</if_group>
	<field name="win.eventdata.Image">\\\\powershell.exe</field>
	<field name="win.eventdata.CommandLine">new-object\s+system.net.webclient\).downloadstring\(|new-object\s+system.net.webclient\).downloadfile\(|new-object\s+net.webclient\).downloadstring\(|new-object\s+net.webclient\).downloadfile\(</field>
	<description>ATT&CK T1086: PowerShell Download from URL</description>
	<info type="text">Detects a Powershell process that contains download commands in its command line string </info>
	<info type="text">Falsepositives: unknown. </info>
	<info type="text">Sigma UUID: 3b6ab547-8ec2-4991-b9d2-2b06702a48d7 </info>
	<group>attack.t1086,attack.execution,MITRE</group>
</rule>

