<rule id="260040" level="15">
	<if_group>windows</if_group>
	<field name="win.system.EventID">^7045$</field>
	<field name="win.eventdata.ServiceName">SC Scheduled Scan|UpdatMachine</field>
	<description>ATT&CK T1053 S0111 T1112: Chafer Activity</description>
	<info type="text">Detects Chafer activity attributed to OilRig as reported in Nyotron report in March 2018 </info>
	<info type="text">Falsepositives: Unknown. </info>
	<info type="text">Sigma UUID: 53ba33fd-3a50-4468-a5ef-c583635cfa92 </info>
	<info type="link">https://nyotron.com/nyotron-discovers-next-generation-oilrig-attacks/ </info>
	<group>attack.persistence,attack.g0049,attack.t1053,attack.s0111,attack.defense_evasion,attack.t1112,MITRE</group>
</rule>

<rule id="260041" level="15">
	<if_group>windows</if_group>
	<field name="win.system.EventID">^4698$</field>
	<field name="win.eventdata.TaskName">SC Scheduled Scan|UpdatMachine</field>
	<description>ATT&CK T1053 S0111 T1112: Chafer Activity</description>
	<info type="text">Detects Chafer activity attributed to OilRig as reported in Nyotron report in March 2018 </info>
	<info type="text">Falsepositives: Unknown. </info>
	<info type="text">Sigma UUID: 53ba33fd-3a50-4468-a5ef-c583635cfa92 </info>
	<info type="link">https://nyotron.com/nyotron-discovers-next-generation-oilrig-attacks/ </info>
	<group>attack.persistence,attack.g0049,attack.t1053,attack.s0111,attack.defense_evasion,attack.t1112,MITRE</group>
</rule>

<rule id="260042" level="15">
	<if_group>sysmon_event_13</if_group>
	<field name="win.eventdata.TargetObject">SOFTWARE\\\\Microsoft\\\\Windows\\\\CurrentVersion\\\\UMe|SOFTWARE\\\\Microsoft\\\\Windows\\\\CurrentVersion\\\\UT</field>
	<field name="win.eventdata.EventType">SetValue</field>
	<description>ATT&CK T1053 S0111 T1112: Chafer Activity</description>
	<info type="text">Detects Chafer activity attributed to OilRig as reported in Nyotron report in March 2018 </info>
	<info type="text">Falsepositives: Unknown. </info>
	<info type="text">Sigma UUID: 53ba33fd-3a50-4468-a5ef-c583635cfa92 </info>
	<info type="link">https://nyotron.com/nyotron-discovers-next-generation-oilrig-attacks/ </info>
	<group>attack.persistence,attack.g0049,attack.t1053,attack.s0111,attack.defense_evasion,attack.t1112,MITRE</group>
</rule>

<rule id="260043" level="15">
	<if_group>sysmon_event_13</if_group>
	<field name="win.eventdata.TargetObject">\\\\Control\\\\SecurityProviders\\\\WDigest\\\\UseLogonCredential</field>
	<field name="win.eventdata.EventType">SetValue</field>
	<field name="win.eventdata.Details">DWORD \(0x00000001\)</field>
	<description>ATT&CK T1053 S0111 T1112: Chafer Activity</description>
	<info type="text">Detects Chafer activity attributed to OilRig as reported in Nyotron report in March 2018 </info>
	<info type="text">Falsepositives: Unknown. </info>
	<info type="text">Sigma UUID: 53ba33fd-3a50-4468-a5ef-c583635cfa92 </info>
	<info type="link">https://nyotron.com/nyotron-discovers-next-generation-oilrig-attacks/ </info>
	<group>attack.persistence,attack.g0049,attack.t1053,attack.s0111,attack.defense_evasion,attack.t1112,MITRE</group>
</rule>

<rule id="260044" level="15">
	<if_group>sysmon_event1</if_group>
	<field name="win.eventdata.CommandLine">\\\\Service.exe\s+i|\\\\Service.exe\s+u|\\\\microsoft\\\\Taskbar\\\\autoit3.exe|\.:\\\\wsc.exe</field>
	<description>ATT&CK T1053 S0111 T1112: Chafer Activity</description>
	<info type="text">Detects Chafer activity attributed to OilRig as reported in Nyotron report in March 2018 </info>
	<info type="text">Falsepositives: Unknown. </info>
	<info type="text">Sigma UUID: 53ba33fd-3a50-4468-a5ef-c583635cfa92 </info>
	<info type="link">https://nyotron.com/nyotron-discovers-next-generation-oilrig-attacks/ </info>
	<group>attack.persistence,attack.g0049,attack.t1053,attack.s0111,attack.defense_evasion,attack.t1112,MITRE</group>
</rule>

<rule id="260045" level="15">
	<if_group>sysmon_event1</if_group>
	<field name="win.eventdata.Image">\\\\Windows\\\\Temp\\\\DB\\\\\.*.exe</field>
	<description>ATT&CK T1053 S0111 T1112: Chafer Activity</description>
	<info type="text">Detects Chafer activity attributed to OilRig as reported in Nyotron report in March 2018 </info>
	<info type="text">Falsepositives: Unknown. </info>
	<info type="text">Sigma UUID: 53ba33fd-3a50-4468-a5ef-c583635cfa92 </info>
	<info type="link">https://nyotron.com/nyotron-discovers-next-generation-oilrig-attacks/ </info>
	<group>attack.persistence,attack.g0049,attack.t1053,attack.s0111,attack.defense_evasion,attack.t1112,MITRE</group>
</rule>

<rule id="260046" level="15">
	<if_group>sysmon_event1</if_group>
	<field name="win.eventdata.CommandLine">\\\\nslookup.exe\s+-q=TXT</field>
	<field name="win.eventdata.ParentImage">\\\\Autoit</field>
	<description>ATT&CK T1053 S0111 T1112: Chafer Activity</description>
	<info type="text">Detects Chafer activity attributed to OilRig as reported in Nyotron report in March 2018 </info>
	<info type="text">Falsepositives: Unknown. </info>
	<info type="text">Sigma UUID: 53ba33fd-3a50-4468-a5ef-c583635cfa92 </info>
	<info type="link">https://nyotron.com/nyotron-discovers-next-generation-oilrig-attacks/ </info>
	<group>attack.persistence,attack.g0049,attack.t1053,attack.s0111,attack.defense_evasion,attack.t1112,MITRE</group>
</rule>

