<rule id="260960" level="14">
	<if_group>sysmon_event1</if_group>
	<field name="win.eventdata.Image">\\\\CamMute.exe</field>
	<description>ATT&CK S0013 T1073: Executable Used by PlugX in Uncommon Location</description>
	<info type="text">Detects the execution of an executable that is typically used by PlugX for DLL side loading started from an uncommon location </info>
	<info type="text">Falsepositives: Unknown. </info>
	<info type="text">Sigma UUID: aeab5ec5-be14-471a-80e8-e344418305c2 </info>
	<info type="link">http://www.hexacorn.com/blog/2016/03/10/beyond-good-ol-run-key-part-36/ </info>
	<info type="link">https://countuponsecurity.com/2017/06/07/threat-hunting-in-the-enterprise-with-appcompatprocessor/ </info>
	<group>attack.s0013,attack.defense_evasion,attack.t1073,MITRE</group>
</rule>

<rule id="260961" level="0">
	<if_sid>260960</if_sid>
	<field name="win.eventdata.Image">\\\\Lenovo\\\\Communication Utility\\\\</field>
	<description>Whitelist Interaction: Executable Used by PlugX in Uncommon Location</description>
	<group>attack.s0013,attack.defense_evasion,attack.t1073,MITRE</group>
</rule>

<rule id="260962" level="14">
	<if_group>sysmon_event1</if_group>
	<field name="win.eventdata.Image">\\\\chrome_frame_helper.exe</field>
	<description>ATT&CK S0013 T1073: Executable Used by PlugX in Uncommon Location</description>
	<info type="text">Detects the execution of an executable that is typically used by PlugX for DLL side loading started from an uncommon location </info>
	<info type="text">Falsepositives: Unknown. </info>
	<info type="text">Sigma UUID: aeab5ec5-be14-471a-80e8-e344418305c2 </info>
	<info type="link">http://www.hexacorn.com/blog/2016/03/10/beyond-good-ol-run-key-part-36/ </info>
	<info type="link">https://countuponsecurity.com/2017/06/07/threat-hunting-in-the-enterprise-with-appcompatprocessor/ </info>
	<group>attack.s0013,attack.defense_evasion,attack.t1073,MITRE</group>
</rule>

<rule id="260963" level="0">
	<if_sid>260962</if_sid>
	<field name="win.eventdata.Image">\\\\Google\\\\Chrome\\\\application\\\\</field>
	<description>Whitelist Interaction: Executable Used by PlugX in Uncommon Location</description>
	<group>attack.s0013,attack.defense_evasion,attack.t1073,MITRE</group>
</rule>

<rule id="260964" level="14">
	<if_group>sysmon_event1</if_group>
	<field name="win.eventdata.Image">\\\\dvcemumanager.exe</field>
	<description>ATT&CK S0013 T1073: Executable Used by PlugX in Uncommon Location</description>
	<info type="text">Detects the execution of an executable that is typically used by PlugX for DLL side loading started from an uncommon location </info>
	<info type="text">Falsepositives: Unknown. </info>
	<info type="text">Sigma UUID: aeab5ec5-be14-471a-80e8-e344418305c2 </info>
	<info type="link">http://www.hexacorn.com/blog/2016/03/10/beyond-good-ol-run-key-part-36/ </info>
	<info type="link">https://countuponsecurity.com/2017/06/07/threat-hunting-in-the-enterprise-with-appcompatprocessor/ </info>
	<group>attack.s0013,attack.defense_evasion,attack.t1073,MITRE</group>
</rule>

<rule id="260965" level="0">
	<if_sid>260964</if_sid>
	<field name="win.eventdata.Image">\\\\Microsoft Device Emulator\\\\</field>
	<description>Whitelist Interaction: Executable Used by PlugX in Uncommon Location</description>
	<group>attack.s0013,attack.defense_evasion,attack.t1073,MITRE</group>
</rule>

<rule id="260966" level="14">
	<if_group>sysmon_event1</if_group>
	<field name="win.eventdata.Image">\\\\Gadget.exe</field>
	<description>ATT&CK S0013 T1073: Executable Used by PlugX in Uncommon Location</description>
	<info type="text">Detects the execution of an executable that is typically used by PlugX for DLL side loading started from an uncommon location </info>
	<info type="text">Falsepositives: Unknown. </info>
	<info type="text">Sigma UUID: aeab5ec5-be14-471a-80e8-e344418305c2 </info>
	<info type="link">http://www.hexacorn.com/blog/2016/03/10/beyond-good-ol-run-key-part-36/ </info>
	<info type="link">https://countuponsecurity.com/2017/06/07/threat-hunting-in-the-enterprise-with-appcompatprocessor/ </info>
	<group>attack.s0013,attack.defense_evasion,attack.t1073,MITRE</group>
</rule>

<rule id="260967" level="0">
	<if_sid>260966</if_sid>
	<field name="win.eventdata.Image">\\\\Windows Media Player\\\\</field>
	<description>Whitelist Interaction: Executable Used by PlugX in Uncommon Location</description>
	<group>attack.s0013,attack.defense_evasion,attack.t1073,MITRE</group>
</rule>

<rule id="260968" level="14">
	<if_group>sysmon_event1</if_group>
	<field name="win.eventdata.Image">\\\\hcc.exe</field>
	<description>ATT&CK S0013 T1073: Executable Used by PlugX in Uncommon Location</description>
	<info type="text">Detects the execution of an executable that is typically used by PlugX for DLL side loading started from an uncommon location </info>
	<info type="text">Falsepositives: Unknown. </info>
	<info type="text">Sigma UUID: aeab5ec5-be14-471a-80e8-e344418305c2 </info>
	<info type="link">http://www.hexacorn.com/blog/2016/03/10/beyond-good-ol-run-key-part-36/ </info>
	<info type="link">https://countuponsecurity.com/2017/06/07/threat-hunting-in-the-enterprise-with-appcompatprocessor/ </info>
	<group>attack.s0013,attack.defense_evasion,attack.t1073,MITRE</group>
</rule>

<rule id="260969" level="0">
	<if_sid>260968</if_sid>
	<field name="win.eventdata.Image">\\\\HTML Help Workshop\\\\</field>
	<description>Whitelist Interaction: Executable Used by PlugX in Uncommon Location</description>
	<group>attack.s0013,attack.defense_evasion,attack.t1073,MITRE</group>
</rule>

<!-- More than 10 rules > rulenumber + 5000 -->

<rule id="265970" level="14">
	<if_group>sysmon_event1</if_group>
	<field name="win.eventdata.Image">\\\\hkcmd.exe</field>
	<description>ATT&CK S0013 T1073: Executable Used by PlugX in Uncommon Location</description>
	<info type="text">Detects the execution of an executable that is typically used by PlugX for DLL side loading started from an uncommon location </info>
	<info type="text">Falsepositives: Unknown. </info>
	<info type="text">Sigma UUID: aeab5ec5-be14-471a-80e8-e344418305c2 </info>
	<info type="link">http://www.hexacorn.com/blog/2016/03/10/beyond-good-ol-run-key-part-36/ </info>
	<info type="link">https://countuponsecurity.com/2017/06/07/threat-hunting-in-the-enterprise-with-appcompatprocessor/ </info>
	<group>attack.s0013,attack.defense_evasion,attack.t1073,MITRE</group>
</rule>

<rule id="265971" level="0">
	<if_sid>265970</if_sid>
	<field name="win.eventdata.Image">\\\\System32\\\\|\\\\SysNative\\\\|\\\\SysWowo64\\\\</field>
	<description>Whitelist Interaction: Executable Used by PlugX in Uncommon Location</description>
	<group>attack.s0013,attack.defense_evasion,attack.t1073,MITRE</group>
</rule>

<rule id="265972" level="14">
	<if_group>sysmon_event1</if_group>
	<field name="win.eventdata.Image">\\\\Mc.exe</field>
	<description>ATT&CK S0013 T1073: Executable Used by PlugX in Uncommon Location</description>
	<info type="text">Detects the execution of an executable that is typically used by PlugX for DLL side loading started from an uncommon location </info>
	<info type="text">Falsepositives: Unknown. </info>
	<info type="text">Sigma UUID: aeab5ec5-be14-471a-80e8-e344418305c2 </info>
	<info type="link">http://www.hexacorn.com/blog/2016/03/10/beyond-good-ol-run-key-part-36/ </info>
	<info type="link">https://countuponsecurity.com/2017/06/07/threat-hunting-in-the-enterprise-with-appcompatprocessor/ </info>
	<group>attack.s0013,attack.defense_evasion,attack.t1073,MITRE</group>
</rule>

<rule id="265973" level="0">
	<if_sid>265972</if_sid>
	<field name="win.eventdata.Image">\\\\Microsoft Visual Studio|\\\\Microsoft SDK|\\\\Windows Kit</field>
	<description>Whitelist Interaction: Executable Used by PlugX in Uncommon Location</description>
	<group>attack.s0013,attack.defense_evasion,attack.t1073,MITRE</group>
</rule>

<rule id="265974" level="14">
	<if_group>sysmon_event1</if_group>
	<field name="win.eventdata.Image">\\\\MsMpEng.exe</field>
	<description>ATT&CK S0013 T1073: Executable Used by PlugX in Uncommon Location</description>
	<info type="text">Detects the execution of an executable that is typically used by PlugX for DLL side loading started from an uncommon location </info>
	<info type="text">Falsepositives: Unknown. </info>
	<info type="text">Sigma UUID: aeab5ec5-be14-471a-80e8-e344418305c2 </info>
	<info type="link">http://www.hexacorn.com/blog/2016/03/10/beyond-good-ol-run-key-part-36/ </info>
	<info type="link">https://countuponsecurity.com/2017/06/07/threat-hunting-in-the-enterprise-with-appcompatprocessor/ </info>
	<group>attack.s0013,attack.defense_evasion,attack.t1073,MITRE</group>
</rule>

<rule id="265975" level="0">
	<if_sid>265974</if_sid>
	<field name="win.eventdata.Image">\\\\Microsoft Security Client\\\\|\\\\Windows Defender\\\\|\\\\AntiMalware\\\\</field>
	<description>Whitelist Interaction: Executable Used by PlugX in Uncommon Location</description>
	<group>attack.s0013,attack.defense_evasion,attack.t1073,MITRE</group>
</rule>

<rule id="265976" level="14">
	<if_group>sysmon_event1</if_group>
	<field name="win.eventdata.Image">\\\\msseces.exe</field>
	<description>ATT&CK S0013 T1073: Executable Used by PlugX in Uncommon Location</description>
	<info type="text">Detects the execution of an executable that is typically used by PlugX for DLL side loading started from an uncommon location </info>
	<info type="text">Falsepositives: Unknown. </info>
	<info type="text">Sigma UUID: aeab5ec5-be14-471a-80e8-e344418305c2 </info>
	<info type="link">http://www.hexacorn.com/blog/2016/03/10/beyond-good-ol-run-key-part-36/ </info>
	<info type="link">https://countuponsecurity.com/2017/06/07/threat-hunting-in-the-enterprise-with-appcompatprocessor/ </info>
	<group>attack.s0013,attack.defense_evasion,attack.t1073,MITRE</group>
</rule>

<rule id="265977" level="0">
	<if_sid>265976</if_sid>
	<field name="win.eventdata.Image">\\\\Microsoft Security Center\\\\|\\\\Microsoft Security Client\\\\|\\\\Microsoft Security Essentials\\\\</field>
	<description>ATT&CK S0013 T1073: Executable Used by PlugX in Uncommon Location</description>
	<group>attack.s0013,attack.defense_evasion,attack.t1073,MITRE</group>
</rule>

<rule id="265978" level="14">
	<if_group>sysmon_event1</if_group>
	<field name="win.eventdata.Image">\\\\OInfoP11.exe</field>
	<description>ATT&CK S0013 T1073: Executable Used by PlugX in Uncommon Location</description>
	<info type="text">Detects the execution of an executable that is typically used by PlugX for DLL side loading started from an uncommon location </info>
	<info type="text">Falsepositives: Unknown. </info>
	<info type="text">Sigma UUID: aeab5ec5-be14-471a-80e8-e344418305c2 </info>
	<info type="link">http://www.hexacorn.com/blog/2016/03/10/beyond-good-ol-run-key-part-36/ </info>
	<info type="link">https://countuponsecurity.com/2017/06/07/threat-hunting-in-the-enterprise-with-appcompatprocessor/ </info>
	<group>attack.s0013,attack.defense_evasion,attack.t1073,MITRE</group>
</rule>

<rule id="265979" level="0">
	<if_sid>265978</if_sid>
	<field name="win.eventdata.Image">\\\\Common Files\\\\Microsoft Shared\\\\</field>
	<description>Whitelist Interaction: Executable Used by PlugX in Uncommon Location</description>
	<group>attack.s0013,attack.defense_evasion,attack.t1073,MITRE</group>
</rule>

<rule id="265980" level="14">
	<if_group>sysmon_event1</if_group>
	<field name="win.eventdata.Image">\\\\OleView.exe</field>
	<description>ATT&CK S0013 T1073: Executable Used by PlugX in Uncommon Location</description>
	<info type="text">Detects the execution of an executable that is typically used by PlugX for DLL side loading started from an uncommon location </info>
	<info type="text">Falsepositives: Unknown. </info>
	<info type="text">Sigma UUID: aeab5ec5-be14-471a-80e8-e344418305c2 </info>
	<info type="link">http://www.hexacorn.com/blog/2016/03/10/beyond-good-ol-run-key-part-36/ </info>
	<info type="link">https://countuponsecurity.com/2017/06/07/threat-hunting-in-the-enterprise-with-appcompatprocessor/ </info>
	<group>attack.s0013,attack.defense_evasion,attack.t1073,MITRE</group>
</rule>

<rule id="265981" level="0">
	<if_sid>265980</if_sid>
	<field name="win.eventdata.Image">\\\\Microsoft Visual Studio|\\\\Microsoft SDK|\\\\Windows Kit|\\\\Windows Resource Kit\\\\</field>
	<description>Whitelist Interaction: Executable Used by PlugX in Uncommon Location</description>
	<group>attack.s0013,attack.defense_evasion,attack.t1073,MITRE</group>
</rule>

<rule id="265982" level="14">
	<if_group>sysmon_event1</if_group>
	<field name="win.eventdata.Image">\\\\rc.exe</field>
	<description>ATT&CK S0013 T1073: Executable Used by PlugX in Uncommon Location</description>
	<info type="text">Detects the execution of an executable that is typically used by PlugX for DLL side loading started from an uncommon location </info>
	<info type="text">Falsepositives: Unknown. </info>
	<info type="text">Sigma UUID: aeab5ec5-be14-471a-80e8-e344418305c2 </info>
	<info type="link">http://www.hexacorn.com/blog/2016/03/10/beyond-good-ol-run-key-part-36/ </info>
	<info type="link">https://countuponsecurity.com/2017/06/07/threat-hunting-in-the-enterprise-with-appcompatprocessor/ </info>
	<group>attack.s0013,attack.defense_evasion,attack.t1073,MITRE</group>
</rule>

<rule id="265983" level="0">
	<if_sid>265982</if_sid>
	<field name="win.eventdata.Image">\\\\Microsoft Visual Studio|\\\\Microsoft SDK|\\\\Windows Kit|\\\\Windows Resource Kit\\\\|\\\\Microsoft.NET\\\\</field>
	<description>Whitelist Interaction: Executable Used by PlugX in Uncommon Location</description>
	<group>attack.s0013,attack.defense_evasion,attack.t1073,MITRE</group>
</rule>
