<rule id="261200" level="10">
	<if_group>sysmon_event1</if_group>
	<field name="win.eventdata.Product">PAExec</field>
	<field name="win.eventdata.Hashes">IMPHASH=11D40A7B7876288F919AB819CC2D9802|IMPHASH=6444f8a34e99b8f7d9647de66aabe516|IMPHASH=dfd6aa3f7b2b1035b76b718f1ddc689f|IMPHASH=1a6cca4d5460b1710a12dea39e4a592c</field>
	<description>ATT&CK T1036: Execution of Renamed PaExec</description>
	<info type="text">Detects execution of renamed paexec via imphash and executable product string </info>
	<info type="text">Falsepositives: Unknown imphashes. </info>
	<info type="text">Sigma UUID: 7b0666ad-3e38-4e3d-9bab-78b06de85f7b </info>
	<info type="link">sha256=01a461ad68d11b5b5096f45eb54df9ba62c5af413fa9eb544eacb598373a26bc </info>
	<info type="link">https://summit.fireeye.com/content/dam/fireeye-www/summit/cds-2018/presentations/cds18-technical-s05-att&cking-fin7.pdf </info>
	<group>attack.defense_evasion,attack.t1036,FIN7,car.2013-05-009,MITRE</group>
</rule>

<rule id="261202" level="0">
	<if_group>sysmon_event1</if_group>
	<field name="win.eventdata.Image">paexec</field>
	<description>ATT&CK T1036: Execution of Renamed PaExec</description>
	<info type="text">Detects execution of renamed paexec via imphash and executable product string </info>
	<info type="text">Falsepositives: Unknown imphashes. </info>
	<info type="text">Sigma UUID: 7b0666ad-3e38-4e3d-9bab-78b06de85f7b </info>
	<info type="link">sha256=01a461ad68d11b5b5096f45eb54df9ba62c5af413fa9eb544eacb598373a26bc </info>
	<info type="link">https://summit.fireeye.com/content/dam/fireeye-www/summit/cds-2018/presentations/cds18-technical-s05-att&cking-fin7.pdf </info>
	<group>attack.defense_evasion,attack.t1036,FIN7,car.2013-05-009,MITRE</group>
</rule>
