<rule id="260580" level="8">
	<if_group>sysmon_event1</if_group>
	<field name="win.eventdata.ParentImage">\\\\pcalua.exe$|\\\\forfiles.exe$</field>
	<description>ATT&CK T1202: Indirect Command Execution</description>
	<info type="text">Detect indirect command execution via Program Compatibility Assistant pcalua.exe or forfiles.exe </info>
	<info type="text">Falsepositives: Need to use extra processing with 'unique_count' / 'filter' to focus on outliers as opposed to commonly seen artifacts. Legit usage of scripts. </info>
	<info type="text">Sigma UUID: fa47597e-90e9-41cd-ab72-c3b74cfb0d02 </info>
	<info type="link">https://github.com/redcanaryco/atomic-red-team/blob/master/atomics/T1202/T1202.yaml </info>
	<info type="link">https://eqllib.readthedocs.io/en/latest/analytics/884a7ccd-7305-4130-82d0-d4f90bc118b6.html </info>
	<group>attack.defense_evasion,attack.t1202,MITRE</group>
</rule>

