<rule id="260770" level="15">
	<if_group>sysmon_event1</if_group>
	<field name="win.eventdata.CommandLine"> /INJECTRUNNING </field>
	<description>ATT&CK T1055 T1218: MavInject Process Injection</description>
	<info type="text">Detects process injection using the signed Windows tool Mavinject32.exe </info>
	<info type="text">Falsepositives: unknown. </info>
	<info type="text">Sigma UUID: 17eb8e57-9983-420d-ad8a-2c4976c22eb8 </info>
	<info type="link">https://twitter.com/gN3mes1s/status/941315826107510784 </info>
	<info type="link">https://reaqta.com/2017/12/mavinject-microsoft-injector/ </info>
	<info type="link">https://twitter.com/Hexacorn/status/776122138063409152 </info>
	<group>attack.t1055,attack.t1218,MITRE</group>
</rule>

