<rule id="260230" level="15">
	<if_group>sysmon_event1</if_group>
	<field name="win.eventdata.CommandLine">rundll32.exe \.*,zxFunction|rundll32.exe \.*,RemoteDiskXXXXX</field>
	<description>ATT&CK T1059 T1085: ZxShell Malware</description>
	<info type="text">Detects a ZxShell start by the called and well-known function name </info>
	<info type="text">Falsepositives: Unlikely. </info>
	<info type="text">Sigma UUID: f0b70adb-0075-43b0-9745-e82a1c608fcc </info>
	<info type="link">https://www.hybrid-analysis.com/sample/5d2a4cde9fa7c2fdbf39b2e2ffd23378d0c50701a3095d1e91e3cf922d7b0b16?environmentId=100 </info>
	<group>attack.g0001,attack.execution,attack.t1059,attack.defense_evasion,attack.t1085,MITRE</group>
</rule>

