<rule id="262270" level="14">
	<if_group>sysmon_event1</if_group>
	<field name="win.eventdata.Image">\\\\Microsoft.Workflow.Compiler.exe</field>
	<description>ATT&CK T1127: Microsoft Workflow Compiler</description>
	<info type="text">Detects invocation of Microsoft Workflow Compiler, which may permit the execution of arbitrary unsigned code. </info>
	<info type="text">Falsepositives: Legitimate MWC use (unlikely in modern enterprise environments). </info>
	<info type="text">Sigma UUID: 419dbf2b-8a9b-4bea-bf99-7544b050ec8d </info>
	<info type="link">https://posts.specterops.io/arbitrary-unsigned-code-execution-vector-in-microsoft-workflow-compiler-exe-3d9294bc5efb </info>
	<group>attack.defense_evasion,attack.execution,attack.t1127,MITRE</group>
</rule>

