<rule id="261310" level="10">
	<if_group>sysmon_event1</if_group>
	<field name="win.eventdata.Image">\\\\setspn.exe</field>
	<field name="win.eventdata.CommandLine">-q</field>
	<description>ATT&CK T1208: Possible SPN Enumeration</description>
	<info type="text">Detects Service Principal Name Enumeration used for Kerberoasting </info>
	<info type="text">Falsepositives: Administrator Activity. </info>
	<info type="text">Sigma UUID: 1eeed653-dbc8-4187-ad0c-eeebb20e6599 </info>
	<info type="link">https://p16.praetorian.com/blog/how-to-use-kerberoasting-t1208-for-privilege-escalation </info>
	<group>attack.credential_access,attack.t1208,MITRE</group>
</rule>

<rule id="261311" level="10">
	<if_group>sysmon_event1</if_group>
	<field name="win.eventdata.Description">Query or reset the computer\.* SPN attribute</field>
	<field name="win.eventdata.CommandLine">-q</field>
	<description>ATT&CK T1208: Possible SPN Enumeration</description>
	<info type="text">Detects Service Principal Name Enumeration used for Kerberoasting </info>
	<info type="text">Falsepositives: Administrator Activity. </info>
	<info type="text">Sigma UUID: 1eeed653-dbc8-4187-ad0c-eeebb20e6599 </info>
	<info type="link">https://p16.praetorian.com/blog/how-to-use-kerberoasting-t1208-for-privilege-escalation </info>
	<group>attack.credential_access,attack.t1208,MITRE</group>
</rule>
