<rule id="260870" level="14">
	<if_group>sysmon_event1</if_group>
	<field name="win.eventdata.CommandLine">netsh\s+i\.* p\.*=3389\s+c</field>
	<description>ATT&CK T1021: Netsh RDP Port Forwarding</description>
	<info type="text">Detects netsh commands that configure a port forwarding of port 3389 used for RDP </info>
	<info type="text">Falsepositives: Legitimate administration. </info>
	<info type="text">Sigma UUID: 782d6f3e-4c5d-4b8c-92a3-1d05fed72e63 </info>
	<info type="link">https://www.fireeye.com/blog/threat-research/2019/01/bypassing-network-restrictions-through-rdp-tunneling.html </info>
	<group>attack.lateral_movement,attack.t1021,car.2013-07-002,MITRE</group>
</rule>

