<rule id="260210" level="15">
	<if_group>sysmon_event1</if_group>
	<field name="win.eventdata.ParentImage">\.:\\\\Windows\\\\Temp|\\\\hpqhvind.exe</field>
	<field name="win.eventdata.Image">^\.:\\\\ProgramData\\\\DRM</field>
	<description>ATT&CK T1073: Winnti Malware HK University Campaign</description>
	<info type="text">Detects specific process characteristics of Winnti malware noticed in Dec/Jan 2020 in a campaign against Honk Kong universities </info>
	<info type="text">Falsepositives: Unlikely. </info>
	<info type="text">Sigma UUID: 3121461b-5aa0-4a41-b910-66d25524edbb </info>
	<info type="link">https://www.welivesecurity.com/2020/01/31/winnti-group-targeting-universities-hong-kong/ </info>
	<group>attack.defense_evasion,attack.t1073,attack.g0044,MITRE</group>
</rule>

<rule id="260211" level="15">
	<if_group>sysmon_event1</if_group>
	<field name="win.eventdata.ParentImage">^\.:\\\\ProgramData\\\\DRM</field>
	<field name="win.eventdata.Image">\\\\wmplayer.exe$</field>
	<description>ATT&CK T1073: Winnti Malware HK University Campaign</description>
	<info type="text">Detects specific process characteristics of Winnti malware noticed in Dec/Jan 2020 in a campaign against Honk Kong universities </info>
	<info type="text">Falsepositives: Unlikely. </info>
	<info type="text">Sigma UUID: 3121461b-5aa0-4a41-b910-66d25524edbb </info>
	<info type="link">https://www.welivesecurity.com/2020/01/31/winnti-group-targeting-universities-hong-kong/ </info>
	<group>attack.defense_evasion,attack.t1073,attack.g0044,MITRE</group>
</rule>

<rule id="260212" level="15">
	<if_group>sysmon_event1</if_group>
	<field name="win.eventdata.ParentImage">\\\\Test.exe$</field>
	<field name="win.eventdata.Image">\\\\wmplayer.exe$</field>
	<description>ATT&CK T1073: Winnti Malware HK University Campaign</description>
	<info type="text">Detects specific process characteristics of Winnti malware noticed in Dec/Jan 2020 in a campaign against Honk Kong universities </info>
	<info type="text">Falsepositives: Unlikely. </info>
	<info type="text">Sigma UUID: 3121461b-5aa0-4a41-b910-66d25524edbb </info>
	<info type="link">https://www.welivesecurity.com/2020/01/31/winnti-group-targeting-universities-hong-kong/ </info>
	<group>attack.defense_evasion,attack.t1073,attack.g0044,MITRE</group>
</rule>

<rule id="260213" level="15">
	<if_group>sysmon_event1</if_group>
	<field name="win.eventdata.Image">\.:\\\\ProgramData\\\\DRM\\\\CLR\\\\CLR.exe</field>
	<description>ATT&CK T1073: Winnti Malware HK University Campaign</description>
	<info type="text">Detects specific process characteristics of Winnti malware noticed in Dec/Jan 2020 in a campaign against Honk Kong universities </info>
	<info type="text">Falsepositives: Unlikely. </info>
	<info type="text">Sigma UUID: 3121461b-5aa0-4a41-b910-66d25524edbb </info>
	<info type="link">https://www.welivesecurity.com/2020/01/31/winnti-group-targeting-universities-hong-kong/ </info>
	<group>attack.defense_evasion,attack.t1073,attack.g0044,MITRE</group>
</rule>

<rule id="260214" level="15">
	<if_group>sysmon_event1</if_group>
	<field name="win.eventdata.ParentImage">^\.:\\\\ProgramData\\\\DRM\\\\Windows</field>
	<field name="win.eventdata.Image">\\\\SearchFilterHost.exe$</field>
	<description>ATT&CK T1073: Winnti Malware HK University Campaign</description>
	<info type="text">Detects specific process characteristics of Winnti malware noticed in Dec/Jan 2020 in a campaign against Honk Kong universities </info>
	<info type="text">Falsepositives: Unlikely. </info>
	<info type="text">Sigma UUID: 3121461b-5aa0-4a41-b910-66d25524edbb </info>
	<info type="link">https://www.welivesecurity.com/2020/01/31/winnti-group-targeting-universities-hong-kong/ </info>
	<group>attack.defense_evasion,attack.t1073,attack.g0044,MITRE</group>
</rule>
