<rule id="261190" level="14">
	<if_group>sysmon_event1</if_group>
	<field name="win.eventdata.OriginalFileName">powershell.exe|powershell_ise.exe|psexec.exe|psexec.c|cscript.exe|wscript.exe|mshta.exe|regsvr32.exe|wmic.exe|certutil.exe|rundll32.exe|cmstp.exe|msiexec.exe</field>
	<match>!\\powershell.exe|\\powershell_ise.exe|\\psexec.exe|\\psexec64.exe|\\cscript.exe|\\wscript.exe|\\mshta.exe|\\regsvr32.exe|\\wmic.exe|\\certutil.exe|\\rundll32.exe|\\cmstp.exe|\\msiexec.exe</match>
	<description>ATT&CK T1036: Highly Relevant Renamed Binary</description>
	<info type="text">Detects the execution of a renamed binary often used by attackers or malware leveraging new Sysmon OriginalFileName datapoint. </info>
	<info type="text">Falsepositives: Custom applications use renamed binaries adding slight change to binary name. Typically this is easy to spot and add to whitelist. </info>
	<info type="text">Sigma UUID: 0ba1da6d-b6ce-4366-828c-18826c9de23e </info>
	<info type="link">https://attack.mitre.org/techniques/T1036/ </info>
	<info type="link">https://mgreen27.github.io/posts/2019/05/12/BinaryRename.html </info>
	<info type="link">https://mgreen27.github.io/posts/2019/05/29/BinaryRename2.html </info>
	<group>attack.t1036,attack.defense_evasion,MITRE</group>
</rule>
