<rule id="261480" level="10">
	<if_group>sysmon_event1</if_group>
	<field name="win.eventdata.CommandLine">curl\.* start </field>
	<description>ATT&CK T1218: Curl Start Combination</description>
	<info type="text">Adversaries can use curl to download payloads remotely and execute them. Curl is included by default in Windows 10 build 17063 and later. </info>
	<info type="text">Falsepositives: Administrative scripts (installers). </info>
	<info type="text">Sigma UUID: 21dd6d38-2b18-4453-9404-a0fe4a0cc288 </info>
	<info type="link">https://medium.com/@reegun/curl-exe-is-the-new-rundll32-exe-lolbin-3f79c5f35983 </info>
	<group>attack.execution,attack.t1218,MITRE</group>
</rule>

