<rule id="260640" level="8">
	<if_group>sysmon_event1</if_group>
	<field name="win.eventdata.Image">\\\\whoami.exe$|\\\\quser.exe$|\\\\qwinsta.exe$</field>
	<description>ATT&CK T1033 T1087: Local Accounts Discovery</description>
	<info type="text">Local accounts, System Owner/User discovery using operating systems utilities </info>
	<info type="text">Falsepositives: Legitimate administrator or user enumerates local users for legitimate reason. </info>
	<info type="text">Sigma UUID: 502b42de-4306-40b4-9596-6f590c81f073 </info>
	<info type="link">https://github.com/redcanaryco/atomic-red-team/blob/master/atomics/T1033/T1033.yaml </info>
	<group>attack.discovery,attack.t1033,attack.t1087,MITRE</group>
</rule>

<rule id="260641" level="8">
	<if_group>sysmon_event1</if_group>
	<field name="win.eventdata.Image">\\\\wmic.exe$</field>
	<field name="win.eventdata.CommandLine">useraccount</field>
	<field name="win.eventdata.CommandLine">get</field>
	<description>ATT&CK T1033 T1087: Local Accounts Discovery</description>
	<info type="text">Local accounts, System Owner/User discovery using operating systems utilities </info>
	<info type="text">Falsepositives: Legitimate administrator or user enumerates local users for legitimate reason. </info>
	<info type="text">Sigma UUID: 502b42de-4306-40b4-9596-6f590c81f073 </info>
	<info type="link">https://github.com/redcanaryco/atomic-red-team/blob/master/atomics/T1033/T1033.yaml </info>
	<group>attack.discovery,attack.t1033,attack.t1087,MITRE</group>
</rule>

<rule id="260642" level="8">
	<if_group>sysmon_event1</if_group>
	<field name="win.eventdata.Image">\\\\cmdkey.exe$</field>
	<field name="win.eventdata.CommandLine">/list</field>
	<description>ATT&CK T1033 T1087: Local Accounts Discovery</description>
	<info type="text">Local accounts, System Owner/User discovery using operating systems utilities </info>
	<info type="text">Falsepositives: Legitimate administrator or user enumerates local users for legitimate reason. </info>
	<info type="text">Sigma UUID: 502b42de-4306-40b4-9596-6f590c81f073 </info>
	<info type="link">https://github.com/redcanaryco/atomic-red-team/blob/master/atomics/T1033/T1033.yaml </info>
	<group>attack.discovery,attack.t1033,attack.t1087,MITRE</group>
</rule>

<rule id="260643" level="8">
	<if_group>sysmon_event1</if_group>
	<field name="win.eventdata.Image">\\\\cmd.exe$</field>
	<field name="win.eventdata.CommandLine">/c</field>
	<field name="win.eventdata.CommandLine">dir </field>
	<field name="win.eventdata.CommandLine">\\\\Users\\\\</field>
	<description>ATT&CK T1033 T1087: Local Accounts Discovery</description>
	<info type="text">Local accounts, System Owner/User discovery using operating systems utilities </info>
	<info type="text">Falsepositives: Legitimate administrator or user enumerates local users for legitimate reason. </info>
	<info type="text">Sigma UUID: 502b42de-4306-40b4-9596-6f590c81f073 </info>
	<info type="link">https://github.com/redcanaryco/atomic-red-team/blob/master/atomics/T1033/T1033.yaml </info>
	<group>attack.discovery,attack.t1033,attack.t1087,MITRE</group>
</rule>

<rule id="260644" level="0">
	<if_sid>260640, 260641, 260642, 260643</if_sid>
	<field name="win.eventdata.CommandLine"> rmdir </field>
	<description>Whitelist Interaction: Local Accounts Discovery</description>
	<group>attack.discovery,attack.t1033,attack.t1087,MITRE</group>
</rule>

<rule id="260645" level="8">
	<if_group>sysmon_event1</if_group>
	<field name="win.eventdata.Image">\\\\net.exe$|\\\\net1.exe$</field>
	<field name="win.eventdata.CommandLine">user</field>
	<description>ATT&CK T1033 T1087: Local Accounts Discovery</description>
	<info type="text">Local accounts, System Owner/User discovery using operating systems utilities </info>
	<info type="text">Falsepositives: Legitimate administrator or user enumerates local users for legitimate reason. </info>
	<info type="text">Sigma UUID: 502b42de-4306-40b4-9596-6f590c81f073 </info>
	<info type="link">https://github.com/redcanaryco/atomic-red-team/blob/master/atomics/T1033/T1033.yaml </info>
	<group>attack.discovery,attack.t1033,attack.t1087,MITRE</group>
</rule>

<rule id="260646" level="0">
	<if_sid>260645</if_sid>
	<field name="win.eventdata.CommandLine">/domain|/add|/delete|/active|/expires|/passwordreq|/scriptpath|/times|/workstations</field>
	<description>Whitelist Interaction: Local Accounts Discovery</description>
	<group>attack.discovery,attack.t1033,attack.t1087,MITRE</group>
</rule>

