<rule id="260880" level="10">
	<if_group>sysmon_event1</if_group>
	<field name="win.eventdata.CommandLine">netsh\s+wlan\s+s\.* p\.* k\.*=clear</field>
	<description>ATT&CK T1040: Harvesting of Wifi Credentials Using netsh.exe</description>
	<info type="text">Detect the harvesting of wifi credentials using netsh.exe </info>
	<info type="text">Falsepositives: Legitimate administrator or user uses netsh.exe wlan functionality for legitimate reason. </info>
	<info type="text">Sigma UUID: 42b1a5b8-353f-4f10-b256-39de4467faff </info>
	<info type="link">https://blog.malwarebytes.com/threat-analysis/2020/04/new-agenttesla-variant-steals-wifi-credentials/ </info>
	<group>attack.discovery,attack.t1040,MITRE</group>
</rule>

