<rule id="260800" level="14">
	<if_group>sysmon_event1</if_group>
	<field name="win.eventdata.ParentImage">\\\\mmc.exe</field>
	<field name="win.eventdata.Image">\\\\cmd.exe|\\\\powershell.exe|\\\\wscript.exe|\\\\cscript.exe|\\\\sh.exe|\\\\bash.exe|\\\\reg.exe|\\\\regsvr32.exe|\\\\BITSADMIN</field>
	<description>ATT&CK T1175: MMC Spawning Windows Shell</description>
	<info type="text">Detects a Windows command line executable started from MMC. </info>
	<info type="text">Sigma UUID: 05a2ab7e-ce11-4b63-86db-ab32e763e11d </info>
	<group>attack.lateral_movement,attack.t1175,MITRE</group>
</rule>

