<rule id="260290" level="14">
	<if_group>sysmon_event1</if_group>
	<field name="win.eventdata.ParentCommandLine">\\\\DllHost.exe</field>
	<field name="win.eventdata.ParentCommandLine">{3E5FC7F9-9A51-4367-9063-A120244FBEC7}|{3E000D72-A845-4CD9-BD83-80C07C3B881F}</field>
	<description>ATT&CK T1088 T1191: CMSTP UAC Bypass via COM Object Access</description>
	<info type="text">Detects UAC Bypass Attempt Using Microsoft Connection Manager Profile Installer Autoelevate-capable COM Objects </info>
	<info type="text">Falsepositives: Legitimate CMSTP use (unlikely in modern enterprise environments). </info>
	<info type="text">Sigma UUID: 4b60e6f2-bf39-47b4-b4ea-398e33cfe253 </info>
	<info type="link">http://www.endurant.io/cmstp/detecting-cmstp-enabled-code-execution-and-uac-bypass-with-sysmon/ </info>
	<info type="link">https://twitter.com/hFireF0X/status/897640081053364225 </info>
	<group>attack.defense_evasion,attack.privilege_escalation,attack.execution,attack.t1088,attack.t1191,attack.g0069,car.2019-04-001,MITRE</group>
</rule>

