<rule id="262070" level="10">
	<if_group>sysmon_event1</if_group>
	<field name="win.eventdata.Image">\\\\wmic.exe</field>
	<field name="win.eventdata.CommandLine">/NODE:\.*process\s+call\s+create | path\s+AntiVirusProduct\s+get | path\s+FirewallProduct\s+get | shadowcopy\s+delete </field>
	<description>ATT&CK T1047: Suspicious WMI Execution</description>
	<info type="text">Detects WMI executing suspicious commands </info>
	<info type="text">Falsepositives: Will need to be tuned. If using Splunk, I recommend | stats count by Computer,CommandLine following for easy hunting by Computer/CommandLine.. </info>
	<info type="text">Sigma UUID: 526be59f-a573-4eea-b5f7-f0973207634d </info>
	<info type="link">https://digital-forensics.sans.org/blog/2010/06/04/wmic-draft/ </info>
	<info type="link">https://www.hybrid-analysis.com/sample/4be06ecd234e2110bd615649fe4a6fa95403979acf889d7e45a78985eb50acf9?environmentId=1 </info>
	<info type="link">https://blog.malwarebytes.com/threat-analysis/2016/04/rokku-ransomware/ </info>
	<group>attack.execution,attack.t1047,car.2016-03-002,MITRE</group>
</rule>

