<rule id="261220" level="14">
	<if_group>sysmon_event1</if_group>
	<field name="win.eventdata.Image">\\\\sdbinst.exe</field>
	<field name="win.eventdata.CommandLine">.sdb</field>
	<description>ATT&CK T1138: Possible Shim Database Persistence via sdbinst.exe</description>
	<info type="text">Detects installation of a new shim using sdbinst.exe. A shim can be used to load malicious DLLs into applications. </info>
	<info type="text">Falsepositives: Unknown. </info>
	<info type="text">Sigma UUID: 517490a7-115a-48c6-8862-1a481504d5a8 </info>
	<info type="link">https://www.fireeye.com/blog/threat-research/2017/05/fin7-shim-databases-persistence.html </info>
	<group>attack.persistence,attack.t1138,MITRE</group>
</rule>

