<rule id="260950" level="14">
	<if_group>sysmon_event1</if_group>
	<field name="win.eventdata.ParentImage">\\\\WINWORD.EXE|\\\\EXCEL.EXE|\\\\POWERPNT.exe|\\\\MSPUB.exe|\\\\VISIO.exe|\\\\OUTLOOK.EXE</field>
	<field name="win.eventdata.Image">\.:\\\\users\\\\\.*.exe</field>
	<description>ATT&CK T1059 T1202: MS Office Product Spawning Exe in User Dir</description>
	<info type="text">Detects an executable in the users directory started from Microsoft Word, Excel, Powerpoint, Publisher or Visio </info>
	<info type="text">Falsepositives: unknown. </info>
	<info type="text">Sigma UUID: aa3a6f94-890e-4e22-b634-ffdfd54792cc </info>
	<info type="link">sha256=23160972c6ae07f740800fa28e421a81d7c0ca5d5cab95bc082b4a986fbac57c </info>
	<info type="link">https://blog.morphisec.com/fin7-not-finished-morphisec-spots-new-campaign </info>
	<group>attack.execution,attack.defense_evasion,attack.t1059,attack.t1202,FIN7,car.2013-05-002,MITRE</group>
</rule>

