<rule id="262120" level="14">
	<if_group>sysmon_event1</if_group>
	<field name="win.eventdata.ParentCommandLine">\\\\svchost.exe\.*termsvcs</field>
	<match>!\\rdpclip.exe</match>
	<description>ATT&CK: Terminal Service Process Spawn</description>
	<info type="text">Detects a process spawned by the terminal service server process (this could be an indicator for an exploitation of CVE-2019-0708) </info>
	<info type="text">Falsepositives: Unknown. </info>
	<info type="text">Sigma UUID: 1012f107-b8f1-4271-af30-5aed2de89b39 </info>
	<info type="link">https://securingtomorrow.mcafee.com/other-blogs/mcafee-labs/rdp-stands-for-really-do-patch-understanding-the-wormable-rdp-vulnerability-cve-2019-0708/ </info>
	<group>car.2013-07-002,MITRE</group>
</rule>

