<rule id="260280" level="8">
	<if_group>sysmon_event1</if_group>
	<field name="win.eventdata.Image">\\\\cmdkey.exe</field>
	<field name="win.eventdata.CommandLine"> /list </field>
	<description>ATT&CK T1003: Cmdkey Cached Credentials Recon</description>
	<info type="text">Detects usage of cmdkey to look for cached credentials </info>
	<info type="text">Falsepositives: Legitimate administrative tasks.. </info>
	<info type="text">Sigma UUID: 07f8bdc2-c9b3-472a-9817-5a670b872f53 </info>
	<info type="link">https://www.peew.pw/blog/2017/11/26/exploring-cmdkey-an-edge-case-for-privilege-escalation </info>
	<info type="link">https://technet.microsoft.com/en-us/library/cc754243(v=ws.11).aspx </info>
	<group>attack.credential_access,attack.t1003,MITRE</group>
</rule>

