<rule id="262180" level="10">
	<if_group>sysmon_event1</if_group>
	<field name="win.eventdata.CommandLine">transport=dt_socket,address=</field>
	<description>ATT&CK T1046: Java Running with Remote Debugging</description>
	<info type="text">Detects a JAVA process running with remote debugging allowing more than just localhost to connect </info>
	<info type="text">Falsepositives: unknown. </info>
	<info type="text">Sigma UUID: 8f88e3f6-2a49-48f5-a5c4-2f7eedf78710 </info>
	<group>attack.discovery,attack.t1046,MITRE</group>
</rule>

<rule id="262181" level="0">
	<if_sid>262180</if_sid>
	<field name="win.eventdata.CommandLine">address=127.0.0.1|address=localhost</field>
	<description>Whitelist Interaction Java Running with Remote Debugging</description>
	<group>attack.discovery,attack.t1046,MITRE</group>
</rule>
