<rule id="260080" level="15">
	<if_group>sysmon_event1</if_group>
	<field name="win.eventdata.ParentImage">\\\\sllauncher.exe</field>
	<field name="win.eventdata.Image">\\\\svchost.exe</field>
	<description>ATT&CK: Emissary Panda Malware SLLauncher</description>
	<info type="text">Detects the execution of DLL side-loading malware used by threat group Emissary Panda aka APT27 </info>
	<info type="text">Falsepositives: Unknown. </info>
	<info type="text">Sigma UUID: 9aa01d62-7667-4d3b-acb8-8cb5103e2014 </info>
	<info type="link">https://app.any.run/tasks/579e7587-f09d-4aae-8b07-472833262965 </info>
	<info type="link">https://twitter.com/cyb3rops/status/1168863899531132929 </info>
	<group>MITRE</group>
</rule>

