<rule id="261090" level="14">
	<if_group>sysmon_event1</if_group>
	<field name="win.eventdata.ParentImage">\\\\powershell.exe</field>
	<field name="win.eventdata.CommandLine">schtasks\.*/Create\.*/SC \.*ONLOGON\.*/TN \.*Updater\.*/TR \.*powershell|schtasks\.*/Create\.*/SC \.*DAILY\.*/TN \.*Updater\.*/TR \.*powershell|schtasks\.*/Create\.*/SC \.*ONIDLE\.*/TN \.*Updater\.*/TR \.*powershell|schtasks\.*/Create\.*/SC \.*Updater\.*/TN \.*Updater\.*/TR \.*powershell</field>
	<description>ATT&CK T1053 T1086 S0111: Default PowerSploit and Empire Schtasks Persistence</description>
	<info type="text">Detects the creation of a schtask via PowerSploit or Empire Default Configuration. </info>
	<info type="text">Falsepositives: False positives are possible, depends on organisation and processes. </info>
	<info type="text">Sigma UUID: 56c217c3-2de2-479b-990f-5c109ba8458f </info>
	<info type="link">https://github.com/0xdeadbeefJERKY/PowerSploit/blob/8690399ef70d2cad10213575ac67e8fa90ddf7c3/Persistence/Persistence.psm1 </info>
	<info type="link">https://github.com/EmpireProject/Empire/blob/master/lib/modules/powershell/persistence/userland/schtasks.py </info>
	<info type="link">https://github.com/EmpireProject/Empire/blob/master/lib/modules/powershell/persistence/elevated/schtasks.py </info>
	<group>attack.execution,attack.persistence,attack.privilege_escalation,attack.t1053,attack.t1086,attack.s0111,attack.g0022,attack.g0060,car.2013-08-001,MITRE</group>
</rule>

