<rule id="260550" level="14">
	<if_group>sysmon_event1</if_group>
	<field name="win.eventdata.ParentImage">\.:\\\\Windows\\\\hh.exe</field>
	<field name="win.eventdata.Image">\\\\cmd.exe$|\\\\powershell.exe$|\\\\wscript.exe$|\\\\cscript.exe$|\\\\regsvr32.exe$|\\\\wmic.exe$|\\\\rundll32.exe$</field>
	<description>ATT&CK T1223: HTML Help Shell Spawn</description>
	<info type="text">Detects a suspicious child process of a Microsoft HTML Help system when executing compiled HTML files (.chm) </info>
	<info type="text">Falsepositives: unknown. </info>
	<info type="text">Sigma UUID: 52cad028-0ff0-4854-8f67-d25dfcbc78b4 </info>
	<info type="link">https://www.trustwave.com/en-us/resources/blogs/spiderlabs-blog/chm-badness-delivers-a-banking-trojan/ </info>
	<group>attack.execution,attack.defense_evasion,attack.t1223,MITRE</group>
</rule>

