<rule id="260010" level="14">
	<if_group>sysmon_event1</if_group>
	<field name="win.eventdata.CommandLine">reg\s+query\s+"HKEY_CURRENT_USER\\\\Software\\\\Microsoft\\\\Terminal\s+Server\s+Client\\\\Default"|powershell.exe\s+mshta.exe\s+http|cmd.exe\s+/c\s+taskkill\s+/im\s+cmd.exe</field>
	<description>ATT&CK T1059 T1086 T1012 T1170: Baby Shark Activity</description>
	<info type="text">Detects activity that could be related to Baby Shark malware </info>
	<info type="text">Falsepositives: unknown. </info>
	<info type="text">Sigma UUID: 2b30fa36-3a18-402f-a22d-bf4ce2189f35 </info>
	<info type="link">https://unit42.paloaltonetworks.com/new-babyshark-malware-targets-u-s-national-security-think-tanks/ </info>
	<group>attack.execution,attack.t1059,attack.t1086,attack.discovery,attack.t1012,attack.defense_evasion,attack.t1170,MITRE</group>
</rule>

