<rule id="260990" level="14">
	<if_group>sysmon_event1</if_group>
	<field name="win.eventdata.CommandLine">System.Management.Automation.AmsiUtils</field>
	<field name="win.eventdata.CommandLine">amsiInitFailed</field>
	<description>ATT&CK T1086: Powershell AMSI Bypass via .NET Reflection</description>
	<info type="text">Detects Request to amsiInitFailed that can be used to disable AMSI Scanning </info>
	<info type="text">Falsepositives: Potential Admin Activity. </info>
	<info type="text">Sigma UUID: 30edb182-aa75-42c0-b0a9-e998bb29067c </info>
	<info type="link">https://twitter.com/mattifestation/status/735261176745988096 </info>
	<info type="link">https://www.hybrid-analysis.com/sample/0ced17419e01663a0cd836c9c2eb925e3031ffb5b18ccf35f4dea5d586d0203e?environmentId=120 </info>
	<group>attack.execution,attack.defense_evasion,attack.t1086,MITRE</group>
</rule>
