<rule id="260380" level="14">
	<if_group>sysmon_event1</if_group>
	<field name="win.eventdata.CommandLine"> cl \.*/Trace</field>
	<description>ATT&CK T1070: Disable of ETW Trace</description>
	<info type="text">Detects a command that clears or disables any ETW trace log which could indicate a logging evasion. </info>
	<info type="text">Falsepositives: Unknown. </info>
	<info type="text">Sigma UUID: a238b5d0-ce2d-4414-a676-7a531b3d13d6 </info>
	<info type="link">https://docs.microsoft.com/en-us/windows-server/administration/windows-commands/wevtutil </info>
	<info type="link">https://github.com/Neo23x0/sigma/blob/master/rules/windows/process_creation/win_mal_lockergoga.yml </info>
	<info type="link">https://abuse.io/lockergoga.txt </info>
	<group>attack.execution,attack.t1070,car.2016-04-002,MITRE</group>
</rule>

<rule id="260381" level="14">
	<if_group>sysmon_event1</if_group>
	<field name="win.eventdata.CommandLine"> clear-log \.*/Trace</field>
	<description>ATT&CK T1070: Disable of ETW Trace</description>
	<info type="text">Detects a command that clears or disables any ETW trace log which could indicate a logging evasion. </info>
	<info type="text">Falsepositives: Unknown. </info>
	<info type="text">Sigma UUID: a238b5d0-ce2d-4414-a676-7a531b3d13d6 </info>
	<info type="link">https://docs.microsoft.com/en-us/windows-server/administration/windows-commands/wevtutil </info>
	<info type="link">https://github.com/Neo23x0/sigma/blob/master/rules/windows/process_creation/win_mal_lockergoga.yml </info>
	<info type="link">https://abuse.io/lockergoga.txt </info>
	<group>attack.execution,attack.t1070,car.2016-04-002,MITRE</group>
</rule>

<rule id="260382" level="14">
	<if_group>sysmon_event1</if_group>
	<field name="win.eventdata.CommandLine"> sl\.* /e:false</field>
	<description>ATT&CK T1070: Disable of ETW Trace</description>
	<info type="text">Detects a command that clears or disables any ETW trace log which could indicate a logging evasion. </info>
	<info type="text">Falsepositives: Unknown. </info>
	<info type="text">Sigma UUID: a238b5d0-ce2d-4414-a676-7a531b3d13d6 </info>
	<info type="link">https://docs.microsoft.com/en-us/windows-server/administration/windows-commands/wevtutil </info>
	<info type="link">https://github.com/Neo23x0/sigma/blob/master/rules/windows/process_creation/win_mal_lockergoga.yml </info>
	<info type="link">https://abuse.io/lockergoga.txt </info>
	<group>attack.execution,attack.t1070,car.2016-04-002,MITRE</group>
</rule>

<rule id="260383" level="14">
	<if_group>sysmon_event1</if_group>
	<field name="win.eventdata.CommandLine"> set-log\.* /e:false</field>
	<description>ATT&CK T1070: Disable of ETW Trace</description>
	<info type="text">Detects a command that clears or disables any ETW trace log which could indicate a logging evasion. </info>
	<info type="text">Falsepositives: Unknown. </info>
	<info type="text">Sigma UUID: a238b5d0-ce2d-4414-a676-7a531b3d13d6 </info>
	<info type="link">https://docs.microsoft.com/en-us/windows-server/administration/windows-commands/wevtutil </info>
	<info type="link">https://github.com/Neo23x0/sigma/blob/master/rules/windows/process_creation/win_mal_lockergoga.yml </info>
	<info type="link">https://abuse.io/lockergoga.txt </info>
	<group>attack.execution,attack.t1070,car.2016-04-002,MITRE</group>
</rule>

