<rule id="261410" level="1">
	<if_group>sysmon_event1</if_group>
	<field name="win.eventdata.CommandLine">tasklist|net\s+time|systeminfo|whoami|nbtstat|net\s+start|\\\\net1\s+start|qprocess|nslookup|hostname.exe|\\\\net1\s+user\s+/domain|\\\\net1\s+group\s+/domain|\\\\net1\s+group\s+"domain\s+admins"\s+/domain|\\\\net1\s+group\s+"Exchange\s+Trusted\s+Subsystem"\s+/domain|\\\\net1\s+accounts\s+/domain|\\\\net1\s+user\s+net\s+localgroup\s+administrators|netstat\s+-an</field>
	<description>ATT&CK T1087 T1082: Reconnaissance Activity with Net Command</description>
	<info type="text">Detects a set of commands often used in recon stages by different attack groups </info>
	<info type="text">Falsepositives: False positives depend on scripts and administrative tools used in the monitored environment. </info>
	<info type="text">Sigma UUID: 2887e914-ce96-435f-8105-593937e90757 </info>
	<info type="link">https://twitter.com/haroonmeer/status/939099379834658817 </info>
	<info type="link">https://twitter.com/c_APT_ure/status/939475433711722497 </info>
	<info type="link">https://www.fireeye.com/blog/threat-research/2016/05/targeted_attacksaga.html </info>
	<group>attack.discovery,attack.t1087,attack.t1082,car.2016-03-001,MITRE</group>
</rule>

<rule id="261411" level="10" frequency="5" timeframe="15">
	<if_matched_sid>261410</if_matched_sid>
	<not_same_field>win.eventdata.CommandLine</not_same_field>
	<description>ATT&CK T1087 T1082: Reconnaissance Activity with Net Command</description>
	<info type="text">Detects a set of commands often used in recon stages by different attack groups </info>
	<info type="text">Falsepositives: False positives depend on scripts and administrative tools used in the monitored environment. </info>
	<info type="text">Sigma UUID: 2887e914-ce96-435f-8105-593937e90757 </info>
	<info type="link">https://twitter.com/haroonmeer/status/939099379834658817 </info>
	<info type="link">https://twitter.com/c_APT_ure/status/939475433711722497 </info>
	<info type="link">https://www.fireeye.com/blog/threat-research/2016/05/targeted_attacksaga.html </info>
	<group>attack.discovery,attack.t1087,attack.t1082,car.2016-03-001,MITRE</group>
</rule>
