<rule id="261500" level="15">
	<if_group>sysmon_event1</if_group>
	<field name="win.eventdata.Image">\\\\devtoolslauncher.exe$</field>
	<field name="win.eventdata.CommandLine">LaunchForDeploy</field>
	<description>ATT&CK T1218: Devtoolslauncher.exe Executes Specified Binary</description>
	<info type="text">The Devtoolslauncher.exe executes other binary </info>
	<info type="text">Falsepositives: Legitimate use of devtoolslauncher.exe by legitimate user. </info>
	<info type="text">Sigma UUID: cc268ac1-42d9-40fd-9ed3-8c4e1a5b87e6 </info>
	<info type="link">https://github.com/LOLBAS-Project/LOLBAS/blob/master/yml/OtherMSBinaries/Devtoolslauncher.yml </info>
	<info type="link">https://twitter.com/_felamos/status/1179811992841797632 </info>
	<group>attack.defense_evasion,attack.execution,attack.t1218,MITRE</group>
</rule>

