<rule id="262250" level="14">
	<if_group>sysmon_event1</if_group>
	<field name="win.eventdata.Image">\.:\\\\WINDOWS\\\\system32\\\\wbem\\\\scrcons.exe</field>
	<field name="win.eventdata.ParentImage">\.:\\\\Windows\\\\System32\\\\svchost.exe</field>
	<description>ATT&CK T1047: WMI Persistence - Script Event Consumer</description>
	<info type="text">Detects WMI script event consumers </info>
	<info type="text">Falsepositives: Legitimate event consumers. </info>
	<info type="text">Sigma UUID: ec1d5e28-8f3b-4188-a6f8-6e8df81dc28e </info>
	<info type="link">https://www.eideon.com/2018-03-02-THL03-WMIBackdoors/ </info>
	<group>attack.execution,attack.persistence,attack.t1047,MITRE</group>
</rule>

