<rule id="262390" level="15">
	<if_group>sysmon_event1</if_group>
	<field name="win.eventdata.Description">Windows PowerShell</field>
	<field name="win.eventdata.Company">Microsoft Corporation</field>
	<match>!\\powershell.exe|\\powershell_ise.exe</match>
	<description>ATT&CK: Renamed PowerShell</description>
	<info type="text">Detects the execution of a renamed PowerShell often used by attackers or malware </info>
	<info type="text">Falsepositives: Unknown. </info>
	<info type="text">Sigma UUID: d178a2d7-129a-4ba4-8ee6-d6e1fecd5d20 </info>
	<info type="link">https://twitter.com/christophetd/status/1164506034720952320 </info>
	<group>car.2013-05-009,MITRE</group>
</rule>

