<rule id="261690" level="10">
	<if_group>sysmon_event1</if_group>
	<field name="win.eventdata.Image">\\\\odbcconf.exe$</field>
	<field name="win.eventdata.CommandLine">-f|regsvr</field>
	<description>ATT&CK T1218: Application Whitelisting Bypass via DLL Loaded by odbcconf.exe</description>
	<info type="text">Detects defence evasion attempt via odbcconf.exe execution to load DLL </info>
	<info type="text">Falsepositives: Legitimate use of odbcconf.exe by legitimate user. </info>
	<info type="text">Sigma UUID: 65d2be45-8600-4042-b4c0-577a1ff8a60e </info>
	<info type="link">https://github.com/LOLBAS-Project/LOLBAS/blob/master/yml/OSBinaries/Odbcconf.yml </info>
	<info type="link">https://twitter.com/Hexacorn/status/1187143326673330176 </info>
	<group>attack.defense_evasion,attack.execution,attack.t1218,MITRE</group>
</rule>

<rule id="261691" level="10">
	<if_group>sysmon_event1</if_group>
	<field name="win.eventdata.ParentImage">\\\\odbcconf.exe$</field>
	<field name="win.eventdata.Image">\\\\rundll32.exe$</field>
	<description>ATT&CK T1218: Application Whitelisting Bypass via DLL Loaded by odbcconf.exe</description>
	<info type="text">Detects defence evasion attempt via odbcconf.exe execution to load DLL </info>
	<info type="text">Falsepositives: Legitimate use of odbcconf.exe by legitimate user. </info>
	<info type="text">Sigma UUID: 65d2be45-8600-4042-b4c0-577a1ff8a60e </info>
	<info type="link">https://github.com/LOLBAS-Project/LOLBAS/blob/master/yml/OSBinaries/Odbcconf.yml </info>
	<info type="link">https://twitter.com/Hexacorn/status/1187143326673330176 </info>
	<group>attack.defense_evasion,attack.execution,attack.t1218,MITRE</group>
</rule>

