<rule id="261260" level="10">
	<if_group>sysmon_event1</if_group>
	<field name="win.eventdata.Image">\\\\powershell.exe$|\\\\wmic.exe$|\\\\vssadmin.exe$</field>
	<field name="win.eventdata.CommandLine">shadow</field>
	<field name="win.eventdata.CommandLine">create</field>
	<description>ATT&CK T1003: Shadow Copies Creation Using Operating Systems Utilities</description>
	<info type="text">Shadow Copies creation using operating systems utilities, possible credential access </info>
	<info type="text">Falsepositives: Legitimate administrator working with shadow copies, access for backup purposes. </info>
	<info type="text">Sigma UUID: b17ea6f7-6e90-447e-a799-e6c0a493d6ce </info>
	<info type="link">https://www.slideshare.net/heirhabarov/hunting-for-credentials-dumping-in-windows-environment </info>
	<info type="link">https://www.trustwave.com/en-us/resources/blogs/spiderlabs-blog/tutorial-for-ntds-goodness-vssadmin-wmis-ntdsdit-system/ </info>
	<group>attack.credential_access,attack.t1003,MITRE</group>
</rule>

