<rule id="261370" level="10">
	<if_group>sysmon_event1</if_group>
	<field name="win.eventdata.CommandLine">certutil\s+-f\s+-encode |certutil.exe\s+-f\s+-encode |certutil\s+-encode\s+-f |certutil.exe\s+-encode\s+-f </field>
	<description>ATT&CK: Certutil Encode</description>
	<info type="text">Detects suspicious a certutil command that used to encode files, which is sometimes used for data exfiltration </info>
	<info type="text">Falsepositives: unknown. </info>
	<info type="text">Sigma UUID: e62a9f0c-ca1e-46b2-85d5-a6da77f86d1a </info>
	<info type="link">https://docs.microsoft.com/en-us/windows-server/administration/windows-commands/certutil </info>
	<info type="link">https://unit42.paloaltonetworks.com/new-babyshark-malware-targets-u-s-national-security-think-tanks/ </info>
	<group>MITRE</group>
</rule>

