<rule id="261600" level="14">
	<if_group>sysmon_event1</if_group>
	<field name="win.eventdata.Image">\\\\fsutil.exe$</field>
	<field name="win.eventdata.CommandLine">deletejournal|createjournal</field>
	<description>ATT&CK T1070: Fsutil Suspicious Invocation</description>
	<info type="text">Detects suspicious parameters of fsutil (deleting USN journal, configuring it with small size..). Might be used by ransomwares during the attack (seen by NotPetya and others) </info>
	<info type="text">Falsepositives: Admin activity. Scripts and administrative tools used in the monitored environment. </info>
	<info type="text">Sigma UUID: add64136-62e5-48ea-807e-88638d02df1e </info>
	<info type="link">https://docs.microsoft.com/en-us/windows-server/administration/windows-commands/fsutil-usn </info>
	<info type="link">https://github.com/redcanaryco/atomic-red-team/blob/master/atomics/T1070/T1070.yaml </info>
	<info type="link">https://eqllib.readthedocs.io/en/latest/analytics/c91f422a-5214-4b17-8664-c5fcf115c0a2.html </info>
	<group>attack.defense_evasion,attack.t1070,MITRE</group>
</rule>

<rule id="261601" level="14">
	<if_group>sysmon_event1</if_group>
	<field name="win.eventdata.OriginalFileName">fsutil.exe</field>
	<field name="win.eventdata.CommandLine">deletejournal|createjournal</field>
	<description>ATT&CK T1070: Fsutil Suspicious Invocation</description>
	<info type="text">Detects suspicious parameters of fsutil (deleting USN journal, configuring it with small size..). Might be used by ransomwares during the attack (seen by NotPetya and others) </info>
	<info type="text">Falsepositives: Admin activity. Scripts and administrative tools used in the monitored environment. </info>
	<info type="text">Sigma UUID: add64136-62e5-48ea-807e-88638d02df1e </info>
	<info type="link">https://docs.microsoft.com/en-us/windows-server/administration/windows-commands/fsutil-usn </info>
	<info type="link">https://github.com/redcanaryco/atomic-red-team/blob/master/atomics/T1070/T1070.yaml </info>
	<info type="link">https://eqllib.readthedocs.io/en/latest/analytics/c91f422a-5214-4b17-8664-c5fcf115c0a2.html </info>
	<group>attack.defense_evasion,attack.t1070,MITRE</group>
</rule>
