<rule id="260310" level="14">
	<if_group>sysmon_event1</if_group>
	<field name="win.eventdata.Image">\\\\esentutl.exe$</field>
	<field name="win.eventdata.CommandLine">vss| /m | /y </field>
	<field name="win.eventdata.CommandLine">\\\\windows\\\\ntds\\\\ntds.dit|\\\\config\\\\sam|\\\\config\\\\security|\\\\config\\\\system |\\\\repair\\\\sam|\\\\repair\\\\system|\\\\repair\\\\security|\\\\config\\\\RegBack\\\\sam|\\\\config\\\\RegBack\\\\system|\\\\config\\\\RegBack\\\\security</field>
	<description>ATT&CK T1003: Copying Sensitive Files with Credential Data</description>
	<info type="text">Files with well-known filenames (sensitive files with credential data) copying </info>
	<info type="text">Falsepositives: Copying sensitive files for legitimate use (eg. backup) or forensic investigation by legitimate incident responder or forensic invetigator. </info>
	<info type="text">Sigma UUID: e7be6119-fc37-43f0-ad4f-1f3f99be2f9f </info>
	<info type="link">https://room362.com/post/2013/2013-06-10-volume-shadow-copy-ntdsdit-domain-hashes-remotely-part-1/ </info>
	<info type="link">https://www.slideshare.net/heirhabarov/hunting-for-credentials-dumping-in-windows-environment </info>
	<info type="link">https://dfironthemountain.wordpress.com/2018/12/06/locked-file-access-using-esentutl-exe/ </info>
	<group>attack.credential_access,attack.t1003,car.2013-07-001,MITRE</group>
</rule>

