<rule id="261000" level="10">
	<if_group>sysmon_event1</if_group>
	<field name="win.eventdata.CommandLine">WindowsAudioDevice-Powershell-Cmdlet</field>
	<description>ATT&CK T1123: Audio Capture via PowerShell</description>
	<info type="text">Detects audio capture via PowerShell Cmdlet </info>
	<info type="text">Falsepositives: Legitimate audio capture by legitimate user. </info>
	<info type="text">Sigma UUID: 932fb0d8-692b-4b0f-a26e-5643a50fe7d6 </info>
	<info type="link">https://github.com/redcanaryco/atomic-red-team/blob/master/atomics/T1123/T1123.yaml </info>
	<info type="link">https://eqllib.readthedocs.io/en/latest/analytics/ab7a6ef4-0983-4275-a4f1-5c6bd3c31c23.html </info>
	<group>attack.collection,attack.t1123,MITRE</group>
</rule>

