<rule id="260940" level="14">
	<if_group>sysmon_event1</if_group>
	<field name="win.eventdata.ParentImage">\\\\WINWORD.EXE|\\\\EXCEL.EXE|\\\\POWERPNT.exe|\\\\MSPUB.exe|\\\\VISIO.exe|\\\\OUTLOOK.EXE</field>
	<field name="win.eventdata.Image">\\\\cmd.exe|\\\\powershell.exe|\\\\wscript.exe|\\\\cscript.exe|\\\\sh.exe|\\\\bash.exe|\\\\scrcons.exe|\\\\schtasks.exe|\\\\regsvr32.exe|\\\\hh.exe|\\\\wmic.exe|\\\\mshta.exe|\\\\rundll32.exe|\\\\msiexec.exe|\\\\forfiles.exe|\\\\scriptrunner.exe|\\\\mftrace.exe|\\\\AppVLP.exe|\\\\svchost.exe</field>
	<description>ATT&CK T1059 T1202: Microsoft Office Product Spawning Windows Shell</description>
	<info type="text">Detects a Windows command line executable started from Microsoft Word, Excel, Powerpoint, Publisher and Visio. </info>
	<info type="text">Falsepositives: unknown. </info>
	<info type="text">Sigma UUID: 438025f9-5856-4663-83f7-52f878a70a50 </info>
	<info type="link">https://www.hybrid-analysis.com/sample/465aabe132ccb949e75b8ab9c5bda36d80cf2fd503d52b8bad54e295f28bbc21?environmentId=100 </info>
	<info type="link">https://mgreen27.github.io/posts/2018/04/02/DownloadCradle.html </info>
	<group>attack.execution,attack.defense_evasion,attack.t1059,attack.t1202,car.2013-02-003,car.2014-04-003,MITRE</group>
</rule>

