<rule id="261430" level="10">
	<if_group>sysmon_event1</if_group>
	<field name="win.eventdata.Image">\\\\rundll32.exe</field>
	<field name="win.eventdata.CommandLine">comsvcs\.*MiniDump\.*full|comsvcs\.*MiniDumpW\.*full</field>
	<description>ATT&CK T1003: Process Dump via Comsvcs DLL</description>
	<info type="text">Detects process memory dump via comsvcs.dll and rundll32 </info>
	<info type="text">Falsepositives: unknown. </info>
	<info type="text">Sigma UUID: 09e6d5c0-05b8-4ff8-9eeb-043046ec774c </info>
	<info type="link">https://modexp.wordpress.com/2019/08/30/minidumpwritedump-via-com-services-dll/ </info>
	<info type="link">https://twitter.com/SBousseaden/status/1167417096374050817 </info>
	<group>attack.credential_access,attack.t1003,MITRE</group>
</rule>

<rule id="261431" level="10">
	<if_group>sysmon_event1</if_group>
	<field name="win.eventdata.OriginalFileName">RUNDLL32.EXE</field>
	<field name="win.eventdata.CommandLine">comsvcs\.*MiniDump\.*full|comsvcs\.*MiniDumpW\.*full</field>
	<description>ATT&CK T1003: Process Dump via Comsvcs DLL</description>
	<info type="text">Detects process memory dump via comsvcs.dll and rundll32 </info>
	<info type="text">Falsepositives: unknown. </info>
	<info type="text">Sigma UUID: 09e6d5c0-05b8-4ff8-9eeb-043046ec774c </info>
	<info type="link">https://modexp.wordpress.com/2019/08/30/minidumpwritedump-via-com-services-dll/ </info>
	<info type="link">https://twitter.com/SBousseaden/status/1167417096374050817 </info>
	<group>attack.credential_access,attack.t1003,MITRE</group>
</rule>
