<rule id="262150" level="14">
	<if_group>sysmon_event1</if_group>
	<field name="win.eventdata.ParentImage">\\\\fodhelper.exe$</field>
	<description>ATT&CK T1088: Bypass UAC via Fodhelper.exe</description>
	<info type="text">Identifies use of Fodhelper.exe to bypass User Account Control. Adversaries use this technique to execute privileged processes. </info>
	<info type="text">Falsepositives: Legitimate use of fodhelper.exe utility by legitimate user. </info>
	<info type="text">Sigma UUID: 7f741dcf-fc22-4759-87b4-9ae8376676a2 </info>
	<info type="link">https://eqllib.readthedocs.io/en/latest/analytics/e491ce22-792f-11e9-8f5c-d46d6d62a49e.html </info>
	<info type="link">https://github.com/redcanaryco/atomic-red-team/blob/master/atomics/T1088/T1088.md </info>
	<group>attack.privilege_escalation,attack.t1088,MITRE</group>
</rule>

