<rule id="261560" level="14">
	<if_group>sysmon_event1</if_group>
	<field name="win.eventdata.Image">\\\\\$Recycle.bin|\\\\Users\\\\All Users\\\\|\\\\Users\\\\Default\\\\|\\\\Users\\\\Public\\\\|\.:\\\\Perflogs\\\\|\\\\config\\\\systemprofile\\\\|\\\\Windows\\\\Fonts\\\\|\\\\Windows\\\\IME\\\\|\\\\Windows\\\\addins\\\\</field>
	<description>ATT&CK T1036: Execution in Non-Executable Folder</description>
	<info type="text">Detects a suspicious exection from an uncommon folder </info>
	<info type="text">Falsepositives: Unknown. </info>
	<info type="text">Sigma UUID: 3dfd06d2-eaf4-4532-9555-68aca59f57c4 </info>
	<group>attack.defense_evasion,attack.t1036,MITRE</group>
</rule>

