<rule id="260390" level="10">
	<if_group>sysmon_event1</if_group>
	<field name="win.eventdata.Image">\\\\plink.exe$|\\\\socat.exe$|\\\\stunnel.exe$|\\\\httptunnel.exe$</field>
	<description>ATT&CK T1020: Exfiltration and Tunneling Tools Execution</description>
	<info type="text">Execution of well known tools for data exfiltration and tunneling </info>
	<info type="text">Falsepositives: Legitimate Administrator using tools. </info>
	<info type="text">Sigma UUID: c75309a3-59f8-4a8d-9c2c-4c927ad50555 </info>
	<group>attack.exfiltration,attack.t1020,MITRE</group>
</rule>

