<rule id="260270" level="8">
	<if_group>sysmon_event1</if_group>
	<field name="win.eventdata.CommandLine">cmd</field>
	<field name="win.eventdata.CommandLine">/c</field>
	<field name="win.eventdata.CommandLine">assoc</field>
	<description>ATT&CK T1042: Change Default File Association</description>
	<info type="text">When a file is opened, the default program used to open the file (also called the file association or handler) is checked. File association selections are stored in the Windows Registry and can be edited by users, administrators, or programs that have Registry access or by administrators using the built-in assoc utility. Applications can modify the file association for a given file extension to call an arbitrary program when a file with the given extension is opened. </info>
	<info type="text">Falsepositives: Admin activity. </info>
	<info type="text">Sigma UUID: 3d3aa6cd-6272-44d6-8afc-7e88dfef7061 </info>
	<info type="link">https://github.com/redcanaryco/atomic-red-team/blob/master/atomics/T1042/T1042.yaml </info>
	<group>attack.persistence,attack.t1042,MITRE</group>
</rule>

