<rule id="261730" level="14">
	<if_group>sysmon_event1</if_group>
	<field name="win.eventdata.CommandLine">\\\\ping.exe\s+0x|\\\\ping\s+0x</field>
	<description>ATT&CK T1140 T1027: Ping Hex IP</description>
	<info type="text">Detects a ping command that uses a hex encoded IP address </info>
	<info type="text">Falsepositives: Unlikely, because no sane admin pings IP addresses in a hexadecimal form. </info>
	<info type="text">Sigma UUID: 1a0d4aba-7668-4365-9ce4-6d79ab088dfd </info>
	<info type="link">https://github.com/vysec/Aggressor-VYSEC/blob/master/ping.cna </info>
	<info type="link">https://twitter.com/vysecurity/status/977198418354491392 </info>
	<group>attack.defense_evasion,attack.t1140,attack.t1027,MITRE</group>
</rule>

