<rule id="262360" level="14">
	<if_group>sysmon_event1</if_group>
	<field name="win.eventdata.CommandLine">netsh</field>
	<field name="win.eventdata.CommandLine">firewall\s+add\s+portopening</field>
	<field name="win.eventdata.CommandLine">tcp\s+3389</field>
	<description>ATT&CK T1076: Netsh RDP Port Opening</description>
	<info type="text">Detects netsh commands that opens the port 3389 used for RDP, used in Sarwent Malware </info>
	<info type="text">Falsepositives: Legitimate administration. </info>
	<info type="text">Sigma UUID: 01aeb693-138d-49d2-9403-c4f52d7d3d62 </info>
	<info type="link">https://labs.sentinelone.com/sarwent-malware-updates-command-detonation/ </info>
	<group>attack.command_and_control,attack.t1076,MITRE</group>
</rule>

<rule id="262361" level="14">
	<if_group>sysmon_event1</if_group>
	<field name="win.eventdata.CommandLine">netsh</field>
	<field name="win.eventdata.CommandLine">advfirewall\s+firewall\s+add\s+rule</field>
	<field name="win.eventdata.CommandLine">action=allow</field>
	<field name="win.eventdata.CommandLine">protocol=TCP</field>
	<field name="win.eventdata.CommandLine">localport=3389</field>
	<description>ATT&CK T1076: Netsh RDP Port Opening</description>
	<info type="text">Detects netsh commands that opens the port 3389 used for RDP, used in Sarwent Malware </info>
	<info type="text">Falsepositives: Legitimate administration. </info>
	<info type="text">Sigma UUID: 01aeb693-138d-49d2-9403-c4f52d7d3d62 </info>
	<info type="link">https://labs.sentinelone.com/sarwent-malware-updates-command-detonation/ </info>
	<group>attack.command_and_control,attack.t1076,MITRE</group>
</rule>

