<rule id="261470" level="14">
	<if_group>sysmon_event1</if_group>
	<field name="win.eventdata.Image">\\\\csc.exe</field>
	<field name="win.eventdata.CommandLine">\\\\AppData\\\\|\\\\Windows\\\\Temp\\\\</field>
	<description>ATT&CK T1500: Suspicious Csc.exe Source File Folder</description>
	<info type="text">Detects a suspicious execution of csc.exe, which uses a source in a suspicious folder (e.g. AppData) </info>
	<info type="text">Falsepositives: https://twitter.com/gN3mes1s/status/1206874118282448897. https://twitter.com/gabriele_pippi/status/1206907900268072962. </info>
	<info type="text">Sigma UUID: dcaa3f04-70c3-427a-80b4-b870d73c94c4 </info>
	<info type="link">https://securityboulevard.com/2019/08/agent-tesla-evading-edr-by-removing-api-hooks/ </info>
	<info type="link">https://www.clearskysec.com/wp-content/uploads/2018/11/MuddyWater-Operations-in-Lebanon-and-Oman.pdf </info>
	<info type="link">https://app.any.run/tasks/c6993447-d1d8-414e-b856-675325e5aa09/ </info>
	<info type="link">https://twitter.com/gN3mes1s/status/1206874118282448897 </info>
	<group>attack.defense_evasion,attack.t1500,MITRE</group>
</rule>

<rule id="261471" level="0">
	<if_sid>261470</if_sid>
	<field name="win.eventdata.ParentImage">\.:\\\\Program Files|\\\\sdiagnhost.exe|\\\\w3wp.exe</field>
	<description>Whitelist Interaction: Suspicious Csc.exe Source File Folder</description>
	<group>attack.defense_evasion,attack.t1500,MITRE</group>
</rule>

