<rule id="261710" level="14">
	<if_group>sysmon_event1</if_group>
	<field name="win.eventdata.CommandLine">EnableUnsafeClientMailRules</field>
	<description>ATT&CK T1059 T1202: Suspicious Execution from Outlook</description>
	<info type="text">Detects EnableUnsafeClientMailRules used for Script Execution from Outlook </info>
	<info type="text">Falsepositives: unknown. </info>
	<info type="text">Sigma UUID: e212d415-0e93-435f-9e1a-f29005bb4723 </info>
	<info type="link">https://github.com/sensepost/ruler </info>
	<info type="link">https://www.fireeye.com/blog/threat-research/2018/12/overruled-containing-a-potentially-destructive-adversary.html </info>
	<group>attack.execution,attack.t1059,attack.t1202,MITRE</group>
</rule>

<rule id="261711" level="14">
	<if_group>sysmon_event1</if_group>
	<field name="win.eventdata.ParentImage">\\\\outlook.exe</field>
	<field name="win.eventdata.CommandLine">\\\\\\\\\.*\\\\\.*.exe</field>
	<description>ATT&CK T1059 T1202: Suspicious Execution from Outlook</description>
	<info type="text">Detects EnableUnsafeClientMailRules used for Script Execution from Outlook </info>
	<info type="text">Falsepositives: unknown. </info>
	<info type="text">Sigma UUID: e212d415-0e93-435f-9e1a-f29005bb4723 </info>
	<info type="link">https://github.com/sensepost/ruler </info>
	<info type="link">https://www.fireeye.com/blog/threat-research/2018/12/overruled-containing-a-potentially-destructive-adversary.html </info>
	<group>attack.execution,attack.t1059,attack.t1202,MITRE</group>
</rule>

