<rule id="261400" level="10">
	<if_group>sysmon_event1</if_group>
	<field name="win.eventdata.CommandLine">chcp\.* 936|chcp\.* 1258</field>
	<description>ATT&CK: Suspicious Code Page Switch</description>
	<info type="text">Detects a code page switch in command line or batch scripts to a rare language </info>
	<info type="text">Falsepositives: Administrative activity (adjust code pages according to your organisation's region). </info>
	<info type="text">Sigma UUID: c7942406-33dd-4377-a564-0f62db0593a3 </info>
	<info type="link">https://docs.microsoft.com/en-us/windows/win32/intl/code-page-identifiers </info>
	<info type="link">https://twitter.com/cglyer/status/1183756892952248325 </info>
	<group>MITRE</group>
</rule>

