<rule id="260360" level="15">
	<if_group>sysmon_event1</if_group>
	<field name="win.eventdata.CommandLine">::FromBase64String</field>
	<description>ATT&CK T1086 T1140: Encoded FromBase64String</description>
	<info type="text">Detects a base64 encoded FromBase64String keyword in a process command line </info>
	<info type="text">Falsepositives: unknown. </info>
	<info type="text">Sigma UUID: fdb62a13-9a81-4e5c-a38f-ea93a16f6d7c </info>
	<group>attack.t1086,attack.t1140,attack.execution,attack.defense_evasion,MITRE</group>
</rule>
