<rule id="260100" level="15">
	<if_group>sysmon_event1</if_group>
	<field name="win.eventdata.Image">\\\\rundll32.exe</field>
	<field name="win.eventdata.CommandLine">,dll_u</field>
	<description>ATT&CK T1059 T1085: Equation Group DLL_U Load</description>
	<info type="text">Detects a specific tool and export used by EquationGroup </info>
	<info type="text">Falsepositives: Unknown. </info>
	<info type="text">Sigma UUID: d465d1d8-27a2-4cca-9621-a800f37cf72e </info>
	<info type="link">https://github.com/adamcaudill/EquationGroupLeak/search?utf8=%E2%9C%93&q=dll_u&type= </info>
	<info type="link">https://securelist.com/apt-slingshot/84312/ </info>
	<info type="link">https://twitter.com/cyb3rops/status/972186477512839170 </info>
	<group>attack.execution,attack.g0020,attack.t1059,attack.defense_evasion,attack.t1085,MITRE</group>
</rule>

<rule id="260101" level="15">
	<if_group>sysmon_event1</if_group>
	<field name="win.eventdata.CommandLine"> -export\s+dll_u </field>
	<description>ATT&CK T1059 T1085: Equation Group DLL_U Load</description>
	<info type="text">Detects a specific tool and export used by EquationGroup </info>
	<info type="text">Falsepositives: Unknown. </info>
	<info type="text">Sigma UUID: d465d1d8-27a2-4cca-9621-a800f37cf72e </info>
	<info type="link">https://github.com/adamcaudill/EquationGroupLeak/search?utf8=%E2%9C%93&q=dll_u&type= </info>
	<info type="link">https://securelist.com/apt-slingshot/84312/ </info>
	<info type="link">https://twitter.com/cyb3rops/status/972186477512839170 </info>
	<group>attack.execution,attack.g0020,attack.t1059,attack.defense_evasion,attack.t1085,MITRE</group>
</rule>

