<?xml version="1.0" encoding="UTF-8"?>
<DEFECTS>
  <DEFECT>
    <SFA>
      <FILEPATH>C:\Users\tegar\Downloads\Compressed\SourceCode-latest\SysmonSimulator-main\</FILEPATH>
      <FILENAME>SysmonSimulator.c</FILENAME>
      <LINE>161</LINE>
      <COLUMN>9</COLUMN>
    </SFA>
    <DEFECTCODE>6335</DEFECTCODE>
    <DESCRIPTION>Leaking process information handle 'pinfo.hProcess'.</DESCRIPTION>
    <FUNCTION>processtermination5</FUNCTION>
    <DECORATED>processtermination5</DECORATED>
    <FUNCLINE>154</FUNCLINE>
    <PATH></PATH>
  </DEFECT>
  <DEFECT>
    <SFA>
      <FILEPATH>C:\Users\tegar\Downloads\Compressed\SourceCode-latest\SysmonSimulator-main\</FILEPATH>
      <FILENAME>SysmonSimulator.c</FILENAME>
      <LINE>161</LINE>
      <COLUMN>9</COLUMN>
    </SFA>
    <DEFECTCODE>6335</DEFECTCODE>
    <DESCRIPTION>Leaking process information handle 'pinfo.hThread'.</DESCRIPTION>
    <FUNCTION>processtermination5</FUNCTION>
    <DECORATED>processtermination5</DECORATED>
    <FUNCLINE>154</FUNCLINE>
    <PATH></PATH>
  </DEFECT>
  <DEFECT>
    <SFA>
      <FILEPATH>C:\Users\tegar\Downloads\Compressed\SourceCode-latest\SysmonSimulator-main\</FILEPATH>
      <FILENAME>SysmonSimulator.c</FILENAME>
      <LINE>301</LINE>
      <COLUMN>9</COLUMN>
    </SFA>
    <DEFECTCODE>6335</DEFECTCODE>
    <DESCRIPTION>Leaking process information handle 'pinfo.hProcess'.</DESCRIPTION>
    <FUNCTION>processaccess10</FUNCTION>
    <DECORATED>processaccess10</DECORATED>
    <FUNCLINE>295</FUNCLINE>
    <PATH></PATH>
  </DEFECT>
  <DEFECT>
    <SFA>
      <FILEPATH>C:\Users\tegar\Downloads\Compressed\SourceCode-latest\SysmonSimulator-main\</FILEPATH>
      <FILENAME>SysmonSimulator.c</FILENAME>
      <LINE>301</LINE>
      <COLUMN>9</COLUMN>
    </SFA>
    <DEFECTCODE>6335</DEFECTCODE>
    <DESCRIPTION>Leaking process information handle 'pinfo.hThread'.</DESCRIPTION>
    <FUNCTION>processaccess10</FUNCTION>
    <DECORATED>processaccess10</DECORATED>
    <FUNCLINE>295</FUNCLINE>
    <PATH></PATH>
  </DEFECT>
  <DEFECT>
    <SFA>
      <FILEPATH>C:\Users\tegar\Downloads\Compressed\SourceCode-latest\SysmonSimulator-main\</FILEPATH>
      <FILENAME>SysmonSimulator.c</FILENAME>
      <LINE>315</LINE>
      <COLUMN>29</COLUMN>
    </SFA>
    <DEFECTCODE>6001</DEFECTCODE>
    <DESCRIPTION>Using uninitialized memory 'hProcessToAccess'.</DESCRIPTION>
    <FUNCTION>processaccess10</FUNCTION>
    <DECORATED>processaccess10</DECORATED>
    <FUNCLINE>295</FUNCLINE>
    <PROBABILITY>1</PROBABILITY>
    <RANK>3</RANK>
    <CATEGORY>
      <RULECATEGORY>mspft</RULECATEGORY>
    </CATEGORY>
    <PATH>
      <SFA>
        <FILEPATH>C:\Users\tegar\Downloads\Compressed\SourceCode-latest\SysmonSimulator-main\</FILEPATH>
        <FILENAME>SysmonSimulator.c</FILENAME>
        <LINE>296</LINE>
        <COLUMN>10</COLUMN>
      </SFA>
      <SFA>
        <FILEPATH>C:\Users\tegar\Downloads\Compressed\SourceCode-latest\SysmonSimulator-main\</FILEPATH>
        <FILENAME>SysmonSimulator.c</FILENAME>
        <LINE>297</LINE>
        <COLUMN>17</COLUMN>
      </SFA>
      <SFA>
        <FILEPATH>C:\Users\tegar\Downloads\Compressed\SourceCode-latest\SysmonSimulator-main\</FILEPATH>
        <FILENAME>SysmonSimulator.c</FILENAME>
        <LINE>298</LINE>
        <COLUMN>13</COLUMN>
      </SFA>
      <SFA>
        <FILEPATH>C:\Users\tegar\Downloads\Compressed\SourceCode-latest\SysmonSimulator-main\</FILEPATH>
        <FILENAME>SysmonSimulator.c</FILENAME>
        <LINE>299</LINE>
        <COLUMN>24</COLUMN>
      </SFA>
      <SFA>
        <FILEPATH>C:\Users\tegar\Downloads\Compressed\SourceCode-latest\SysmonSimulator-main\</FILEPATH>
        <FILENAME>SysmonSimulator.c</FILENAME>
        <LINE>301</LINE>
        <COLUMN>8</COLUMN>
      </SFA>
      <SFA>
        <FILEPATH>C:\Users\tegar\Downloads\Compressed\SourceCode-latest\SysmonSimulator-main\</FILEPATH>
        <FILENAME>SysmonSimulator.c</FILENAME>
        <LINE>305</LINE>
        <COLUMN>12</COLUMN>
      </SFA>
      <SFA>
        <FILEPATH>C:\Users\tegar\Downloads\Compressed\SourceCode-latest\SysmonSimulator-main\</FILEPATH>
        <FILENAME>SysmonSimulator.c</FILENAME>
        <LINE>306</LINE>
        <COLUMN>8</COLUMN>
      </SFA>
      <SFA>
        <FILEPATH>C:\Users\tegar\Downloads\Compressed\SourceCode-latest\SysmonSimulator-main\</FILEPATH>
        <FILENAME>SysmonSimulator.c</FILENAME>
        <LINE>307</LINE>
        <COLUMN>15</COLUMN>
      </SFA>
      <SFA>
        <FILEPATH>C:\Users\tegar\Downloads\Compressed\SourceCode-latest\SysmonSimulator-main\</FILEPATH>
        <FILENAME>SysmonSimulator.c</FILENAME>
        <LINE>308</LINE>
        <COLUMN>29</COLUMN>
      </SFA>
      <SFA>
        <FILEPATH>C:\Users\tegar\Downloads\Compressed\SourceCode-latest\SysmonSimulator-main\</FILEPATH>
        <FILENAME>SysmonSimulator.c</FILENAME>
        <LINE>313</LINE>
        <COLUMN>12</COLUMN>
      </SFA>
      <SFA>
        <FILEPATH>C:\Users\tegar\Downloads\Compressed\SourceCode-latest\SysmonSimulator-main\</FILEPATH>
        <FILENAME>SysmonSimulator.c</FILENAME>
        <LINE>314</LINE>
        <COLUMN>12</COLUMN>
        <KEYEVENT>
          <ID>1</ID>
          <KIND>declaration</KIND>
          <IMPORTANCE>Essential</IMPORTANCE>
          <MESSAGE>'hProcessToAccess' is not initialized</MESSAGE>
        </KEYEVENT>
      </SFA>
      <SFA>
        <FILEPATH>C:\Users\tegar\Downloads\Compressed\SourceCode-latest\SysmonSimulator-main\</FILEPATH>
        <FILENAME>SysmonSimulator.c</FILENAME>
        <LINE>315</LINE>
        <COLUMN>12</COLUMN>
        <KEYEVENT>
          <ID>2</ID>
          <KIND>usage</KIND>
          <IMPORTANCE>Full</IMPORTANCE>
          <MESSAGE>'hProcessToAccess' is an Input to 'TerminateProcess' (declared at c:\program files (x86)\windows kits\10\include\10.0.22000.0\um\processthreadsapi.h:157)</MESSAGE>
        </KEYEVENT>
      </SFA>
      <SFA>
        <FILEPATH>C:\Users\tegar\Downloads\Compressed\SourceCode-latest\SysmonSimulator-main\</FILEPATH>
        <FILENAME>SysmonSimulator.c</FILENAME>
        <LINE>315</LINE>
        <COLUMN>29</COLUMN>
        <KEYEVENT>
          <ID>3</ID>
          <KIND>usage</KIND>
          <IMPORTANCE>Essential</IMPORTANCE>
          <MESSAGE>'hProcessToAccess' is used, but may not have been initialized</MESSAGE>
        </KEYEVENT>
      </SFA>
    </PATH>
  </DEFECT>
  <DEFECT>
    <SFA>
      <FILEPATH>C:\Users\tegar\Downloads\Compressed\SourceCode-latest\SysmonSimulator-main\</FILEPATH>
      <FILENAME>SysmonSimulator.c</FILENAME>
      <LINE>446</LINE>
      <COLUMN>20</COLUMN>
    </SFA>
    <DEFECTCODE>6001</DEFECTCODE>
    <DESCRIPTION>Using uninitialized memory 'hPipe'.</DESCRIPTION>
    <FUNCTION>pipeCreated17</FUNCTION>
    <DECORATED>pipeCreated17</DECORATED>
    <FUNCLINE>431</FUNCLINE>
    <PROBABILITY>1</PROBABILITY>
    <RANK>3</RANK>
    <CATEGORY>
      <RULECATEGORY>mspft</RULECATEGORY>
    </CATEGORY>
    <PATH>
      <SFA>
        <FILEPATH>C:\Users\tegar\Downloads\Compressed\SourceCode-latest\SysmonSimulator-main\</FILEPATH>
        <FILENAME>SysmonSimulator.c</FILENAME>
        <LINE>432</LINE>
        <COLUMN>24</COLUMN>
      </SFA>
      <SFA>
        <FILEPATH>C:\Users\tegar\Downloads\Compressed\SourceCode-latest\SysmonSimulator-main\</FILEPATH>
        <FILENAME>SysmonSimulator.c</FILENAME>
        <LINE>433</LINE>
        <COLUMN>18</COLUMN>
      </SFA>
      <SFA>
        <FILEPATH>C:\Users\tegar\Downloads\Compressed\SourceCode-latest\SysmonSimulator-main\</FILEPATH>
        <FILENAME>SysmonSimulator.c</FILENAME>
        <LINE>434</LINE>
        <COLUMN>11</COLUMN>
      </SFA>
      <SFA>
        <FILEPATH>C:\Users\tegar\Downloads\Compressed\SourceCode-latest\SysmonSimulator-main\</FILEPATH>
        <FILENAME>SysmonSimulator.c</FILENAME>
        <LINE>442</LINE>
        <COLUMN>8</COLUMN>
      </SFA>
      <SFA>
        <FILEPATH>C:\Users\tegar\Downloads\Compressed\SourceCode-latest\SysmonSimulator-main\</FILEPATH>
        <FILENAME>SysmonSimulator.c</FILENAME>
        <LINE>444</LINE>
        <COLUMN>8</COLUMN>
      </SFA>
      <SFA>
        <FILEPATH>C:\Users\tegar\Downloads\Compressed\SourceCode-latest\SysmonSimulator-main\</FILEPATH>
        <FILENAME>SysmonSimulator.c</FILENAME>
        <LINE>445</LINE>
        <COLUMN>8</COLUMN>
      </SFA>
      <SFA>
        <FILEPATH>C:\Users\tegar\Downloads\Compressed\SourceCode-latest\SysmonSimulator-main\</FILEPATH>
        <FILENAME>SysmonSimulator.c</FILENAME>
        <LINE>446</LINE>
        <COLUMN>8</COLUMN>
        <KEYEVENT>
          <ID>1</ID>
          <KIND>declaration</KIND>
          <IMPORTANCE>Essential</IMPORTANCE>
          <MESSAGE>'hPipe' is not initialized</MESSAGE>
        </KEYEVENT>
      </SFA>
      <SFA>
        <FILEPATH>C:\Users\tegar\Downloads\Compressed\SourceCode-latest\SysmonSimulator-main\</FILEPATH>
        <FILENAME>SysmonSimulator.c</FILENAME>
        <LINE>446</LINE>
        <COLUMN>20</COLUMN>
        <KEYEVENT>
          <ID>2</ID>
          <KIND>usage</KIND>
          <IMPORTANCE>Essential</IMPORTANCE>
          <MESSAGE>'hPipe' is used, but may not have been initialized</MESSAGE>
        </KEYEVENT>
      </SFA>
    </PATH>
  </DEFECT>
  <DEFECT>
    <SFA>
      <FILEPATH>C:\Users\tegar\Downloads\Compressed\SourceCode-latest\SysmonSimulator-main\</FILEPATH>
      <FILENAME>SysmonSimulator.c</FILENAME>
      <LINE>481</LINE>
      <COLUMN>24</COLUMN>
    </SFA>
    <DEFECTCODE>6001</DEFECTCODE>
    <DESCRIPTION>Using uninitialized memory 'hPipe'.</DESCRIPTION>
    <FUNCTION>pipeConnect18</FUNCTION>
    <DECORATED>pipeConnect18</DECORATED>
    <FUNCLINE>453</FUNCLINE>
    <PROBABILITY>1</PROBABILITY>
    <RANK>3</RANK>
    <CATEGORY>
      <RULECATEGORY>mspft</RULECATEGORY>
    </CATEGORY>
    <PATH>
      <SFA>
        <FILEPATH>C:\Users\tegar\Downloads\Compressed\SourceCode-latest\SysmonSimulator-main\</FILEPATH>
        <FILENAME>SysmonSimulator.c</FILENAME>
        <LINE>454</LINE>
        <COLUMN>11</COLUMN>
      </SFA>
      <SFA>
        <FILEPATH>C:\Users\tegar\Downloads\Compressed\SourceCode-latest\SysmonSimulator-main\</FILEPATH>
        <FILENAME>SysmonSimulator.c</FILENAME>
        <LINE>455</LINE>
        <COLUMN>11</COLUMN>
      </SFA>
      <SFA>
        <FILEPATH>C:\Users\tegar\Downloads\Compressed\SourceCode-latest\SysmonSimulator-main\</FILEPATH>
        <FILENAME>SysmonSimulator.c</FILENAME>
        <LINE>456</LINE>
        <COLUMN>24</COLUMN>
      </SFA>
      <SFA>
        <FILEPATH>C:\Users\tegar\Downloads\Compressed\SourceCode-latest\SysmonSimulator-main\</FILEPATH>
        <FILENAME>SysmonSimulator.c</FILENAME>
        <LINE>457</LINE>
        <COLUMN>11</COLUMN>
      </SFA>
      <SFA>
        <FILEPATH>C:\Users\tegar\Downloads\Compressed\SourceCode-latest\SysmonSimulator-main\</FILEPATH>
        <FILENAME>SysmonSimulator.c</FILENAME>
        <LINE>459</LINE>
        <COLUMN>10</COLUMN>
      </SFA>
      <SFA>
        <FILEPATH>C:\Users\tegar\Downloads\Compressed\SourceCode-latest\SysmonSimulator-main\</FILEPATH>
        <FILENAME>SysmonSimulator.c</FILENAME>
        <LINE>467</LINE>
        <COLUMN>14</COLUMN>
      </SFA>
      <SFA>
        <FILEPATH>C:\Users\tegar\Downloads\Compressed\SourceCode-latest\SysmonSimulator-main\</FILEPATH>
        <FILENAME>SysmonSimulator.c</FILENAME>
        <LINE>472</LINE>
        <COLUMN>8</COLUMN>
      </SFA>
      <SFA>
        <FILEPATH>C:\Users\tegar\Downloads\Compressed\SourceCode-latest\SysmonSimulator-main\</FILEPATH>
        <FILENAME>SysmonSimulator.c</FILENAME>
        <LINE>474</LINE>
        <COLUMN>17</COLUMN>
      </SFA>
      <SFA>
        <FILEPATH>C:\Users\tegar\Downloads\Compressed\SourceCode-latest\SysmonSimulator-main\</FILEPATH>
        <FILENAME>SysmonSimulator.c</FILENAME>
        <LINE>475</LINE>
        <COLUMN>21</COLUMN>
      </SFA>
      <SFA>
        <FILEPATH>C:\Users\tegar\Downloads\Compressed\SourceCode-latest\SysmonSimulator-main\</FILEPATH>
        <FILENAME>SysmonSimulator.c</FILENAME>
        <LINE>479</LINE>
        <COLUMN>18</COLUMN>
      </SFA>
      <SFA>
        <FILEPATH>C:\Users\tegar\Downloads\Compressed\SourceCode-latest\SysmonSimulator-main\</FILEPATH>
        <FILENAME>SysmonSimulator.c</FILENAME>
        <LINE>480</LINE>
        <COLUMN>12</COLUMN>
      </SFA>
      <SFA>
        <FILEPATH>C:\Users\tegar\Downloads\Compressed\SourceCode-latest\SysmonSimulator-main\</FILEPATH>
        <FILENAME>SysmonSimulator.c</FILENAME>
        <LINE>481</LINE>
        <COLUMN>12</COLUMN>
        <KEYEVENT>
          <ID>1</ID>
          <KIND>declaration</KIND>
          <IMPORTANCE>Essential</IMPORTANCE>
          <MESSAGE>'hPipe' is not initialized</MESSAGE>
        </KEYEVENT>
      </SFA>
      <SFA>
        <FILEPATH>C:\Users\tegar\Downloads\Compressed\SourceCode-latest\SysmonSimulator-main\</FILEPATH>
        <FILENAME>SysmonSimulator.c</FILENAME>
        <LINE>481</LINE>
        <COLUMN>24</COLUMN>
        <KEYEVENT>
          <ID>2</ID>
          <KIND>usage</KIND>
          <IMPORTANCE>Essential</IMPORTANCE>
          <MESSAGE>'hPipe' is used, but may not have been initialized</MESSAGE>
        </KEYEVENT>
      </SFA>
    </PATH>
  </DEFECT>
  <DEFECT>
    <SFA>
      <FILEPATH>C:\Users\tegar\Downloads\Compressed\SourceCode-latest\SysmonSimulator-main\</FILEPATH>
      <FILENAME>SysmonSimulator.c</FILENAME>
      <LINE>515</LINE>
      <COLUMN>8</COLUMN>
    </SFA>
    <DEFECTCODE>6387</DEFECTCODE>
    <DESCRIPTION>'Temp_value_#431' could be '0'.</DESCRIPTION>
    <FUNCTION>setClipboard24</FUNCTION>
    <DECORATED>setClipboard24</DECORATED>
    <FUNCLINE>508</FUNCLINE>
    <PROBABILITY>1</PROBABILITY>
    <RANK>4</RANK>
    <CATEGORY>
      <RULECATEGORY>mspft</RULECATEGORY>
    </CATEGORY>
    <PATH>
      <SFA>
        <FILEPATH>C:\Users\tegar\Downloads\Compressed\SourceCode-latest\SysmonSimulator-main\</FILEPATH>
        <FILENAME>SysmonSimulator.c</FILENAME>
        <LINE>510</LINE>
        <COLUMN>16</COLUMN>
      </SFA>
      <SFA>
        <FILEPATH>C:\Users\tegar\Downloads\Compressed\SourceCode-latest\SysmonSimulator-main\</FILEPATH>
        <FILENAME>SysmonSimulator.c</FILENAME>
        <LINE>511</LINE>
        <COLUMN>17</COLUMN>
      </SFA>
      <SFA>
        <FILEPATH>C:\Users\tegar\Downloads\Compressed\SourceCode-latest\SysmonSimulator-main\</FILEPATH>
        <FILENAME>SysmonSimulator.c</FILENAME>
        <LINE>513</LINE>
        <COLUMN>12</COLUMN>
      </SFA>
      <SFA>
        <FILEPATH>C:\Users\tegar\Downloads\Compressed\SourceCode-latest\SysmonSimulator-main\</FILEPATH>
        <FILENAME>SysmonSimulator.c</FILENAME>
        <LINE>514</LINE>
        <COLUMN>8</COLUMN>
      </SFA>
      <SFA>
        <FILEPATH>C:\Users\tegar\Downloads\Compressed\SourceCode-latest\SysmonSimulator-main\</FILEPATH>
        <FILENAME>SysmonSimulator.c</FILENAME>
        <LINE>515</LINE>
        <COLUMN>8</COLUMN>
        <KEYEVENT>
          <ID>1</ID>
          <KIND>declaration</KIND>
          <IMPORTANCE>Essential</IMPORTANCE>
          <MESSAGE>'&lt;symbol&gt;' may be NULL</MESSAGE>
        </KEYEVENT>
      </SFA>
      <SFA>
        <FILEPATH>C:\Users\tegar\Downloads\Compressed\SourceCode-latest\SysmonSimulator-main\</FILEPATH>
        <FILENAME>SysmonSimulator.c</FILENAME>
        <LINE>515</LINE>
        <COLUMN>8</COLUMN>
        <KEYEVENT>
          <ID>2</ID>
          <KIND>usage</KIND>
          <IMPORTANCE>Essential</IMPORTANCE>
          <MESSAGE>'Temp_value_#431' should not be NULL, because this is not consistent with the SAL annotation on 'memcpy'</MESSAGE>
        </KEYEVENT>
      </SFA>
    </PATH>
  </DEFECT>
  <DEFECT>
    <SFA>
      <FILEPATH>C:\Users\tegar\Downloads\Compressed\SourceCode-latest\SysmonSimulator-main\</FILEPATH>
      <FILENAME>SysmonSimulator.c</FILENAME>
      <LINE>599</LINE>
      <COLUMN>23</COLUMN>
    </SFA>
    <DEFECTCODE>6011</DEFECTCODE>
    <DESCRIPTION>Dereferencing NULL pointer 'pDosH'. </DESCRIPTION>
    <FUNCTION>processTampering25</FUNCTION>
    <DECORATED>processTampering25</DECORATED>
    <FUNCLINE>550</FUNCLINE>
    <PROBABILITY>1</PROBABILITY>
    <RANK>4</RANK>
    <CATEGORY>
      <RULECATEGORY>mspft</RULECATEGORY>
    </CATEGORY>
    <PATH>
      <SFA>
        <FILEPATH>C:\Users\tegar\Downloads\Compressed\SourceCode-latest\SysmonSimulator-main\</FILEPATH>
        <FILENAME>SysmonSimulator.c</FILENAME>
        <LINE>552</LINE>
        <COLUMN>22</COLUMN>
      </SFA>
      <SFA>
        <FILEPATH>C:\Users\tegar\Downloads\Compressed\SourceCode-latest\SysmonSimulator-main\</FILEPATH>
        <FILENAME>SysmonSimulator.c</FILENAME>
        <LINE>553</LINE>
        <COLUMN>22</COLUMN>
      </SFA>
      <SFA>
        <FILEPATH>C:\Users\tegar\Downloads\Compressed\SourceCode-latest\SysmonSimulator-main\</FILEPATH>
        <FILENAME>SysmonSimulator.c</FILENAME>
        <LINE>554</LINE>
        <COLUMN>26</COLUMN>
      </SFA>
      <SFA>
        <FILEPATH>C:\Users\tegar\Downloads\Compressed\SourceCode-latest\SysmonSimulator-main\</FILEPATH>
        <FILENAME>SysmonSimulator.c</FILENAME>
        <LINE>555</LINE>
        <COLUMN>10</COLUMN>
      </SFA>
      <SFA>
        <FILEPATH>C:\Users\tegar\Downloads\Compressed\SourceCode-latest\SysmonSimulator-main\</FILEPATH>
        <FILENAME>SysmonSimulator.c</FILENAME>
        <LINE>555</LINE>
        <COLUMN>17</COLUMN>
      </SFA>
      <SFA>
        <FILEPATH>C:\Users\tegar\Downloads\Compressed\SourceCode-latest\SysmonSimulator-main\</FILEPATH>
        <FILENAME>SysmonSimulator.c</FILENAME>
        <LINE>555</LINE>
        <COLUMN>22</COLUMN>
      </SFA>
      <SFA>
        <FILEPATH>C:\Users\tegar\Downloads\Compressed\SourceCode-latest\SysmonSimulator-main\</FILEPATH>
        <FILENAME>SysmonSimulator.c</FILENAME>
        <LINE>556</LINE>
        <COLUMN>10</COLUMN>
      </SFA>
      <SFA>
        <FILEPATH>C:\Users\tegar\Downloads\Compressed\SourceCode-latest\SysmonSimulator-main\</FILEPATH>
        <FILENAME>SysmonSimulator.c</FILENAME>
        <LINE>556</LINE>
        <COLUMN>13</COLUMN>
      </SFA>
      <SFA>
        <FILEPATH>C:\Users\tegar\Downloads\Compressed\SourceCode-latest\SysmonSimulator-main\</FILEPATH>
        <FILENAME>SysmonSimulator.c</FILENAME>
        <LINE>556</LINE>
        <COLUMN>19</COLUMN>
      </SFA>
      <SFA>
        <FILEPATH>C:\Users\tegar\Downloads\Compressed\SourceCode-latest\SysmonSimulator-main\</FILEPATH>
        <FILENAME>SysmonSimulator.c</FILENAME>
        <LINE>557</LINE>
        <COLUMN>11</COLUMN>
      </SFA>
      <SFA>
        <FILEPATH>C:\Users\tegar\Downloads\Compressed\SourceCode-latest\SysmonSimulator-main\</FILEPATH>
        <FILENAME>SysmonSimulator.c</FILENAME>
        <LINE>559</LINE>
        <COLUMN>17</COLUMN>
      </SFA>
      <SFA>
        <FILEPATH>C:\Users\tegar\Downloads\Compressed\SourceCode-latest\SysmonSimulator-main\</FILEPATH>
        <FILENAME>SysmonSimulator.c</FILENAME>
        <LINE>560</LINE>
        <COLUMN>24</COLUMN>
      </SFA>
      <SFA>
        <FILEPATH>C:\Users\tegar\Downloads\Compressed\SourceCode-latest\SysmonSimulator-main\</FILEPATH>
        <FILENAME>SysmonSimulator.c</FILENAME>
        <LINE>561</LINE>
        <COLUMN>12</COLUMN>
      </SFA>
      <SFA>
        <FILEPATH>C:\Users\tegar\Downloads\Compressed\SourceCode-latest\SysmonSimulator-main\</FILEPATH>
        <FILENAME>SysmonSimulator.c</FILENAME>
        <LINE>563</LINE>
        <COLUMN>21</COLUMN>
      </SFA>
      <SFA>
        <FILEPATH>C:\Users\tegar\Downloads\Compressed\SourceCode-latest\SysmonSimulator-main\</FILEPATH>
        <FILENAME>SysmonSimulator.c</FILENAME>
        <LINE>565</LINE>
        <COLUMN>4</COLUMN>
      </SFA>
      <SFA>
        <FILEPATH>C:\Users\tegar\Downloads\Compressed\SourceCode-latest\SysmonSimulator-main\</FILEPATH>
        <FILENAME>SysmonSimulator.c</FILENAME>
        <LINE>566</LINE>
        <COLUMN>4</COLUMN>
      </SFA>
      <SFA>
        <FILEPATH>C:\Users\tegar\Downloads\Compressed\SourceCode-latest\SysmonSimulator-main\</FILEPATH>
        <FILENAME>SysmonSimulator.c</FILENAME>
        <LINE>568</LINE>
        <COLUMN>10</COLUMN>
      </SFA>
      <SFA>
        <FILEPATH>C:\Users\tegar\Downloads\Compressed\SourceCode-latest\SysmonSimulator-main\</FILEPATH>
        <FILENAME>SysmonSimulator.c</FILENAME>
        <LINE>569</LINE>
        <COLUMN>10</COLUMN>
      </SFA>
      <SFA>
        <FILEPATH>C:\Users\tegar\Downloads\Compressed\SourceCode-latest\SysmonSimulator-main\</FILEPATH>
        <FILENAME>SysmonSimulator.c</FILENAME>
        <LINE>571</LINE>
        <COLUMN>8</COLUMN>
      </SFA>
      <SFA>
        <FILEPATH>C:\Users\tegar\Downloads\Compressed\SourceCode-latest\SysmonSimulator-main\</FILEPATH>
        <FILENAME>SysmonSimulator.c</FILENAME>
        <LINE>577</LINE>
        <COLUMN>10</COLUMN>
      </SFA>
      <SFA>
        <FILEPATH>C:\Users\tegar\Downloads\Compressed\SourceCode-latest\SysmonSimulator-main\</FILEPATH>
        <FILENAME>SysmonSimulator.c</FILENAME>
        <LINE>579</LINE>
        <COLUMN>14</COLUMN>
      </SFA>
      <SFA>
        <FILEPATH>C:\Users\tegar\Downloads\Compressed\SourceCode-latest\SysmonSimulator-main\</FILEPATH>
        <FILENAME>SysmonSimulator.c</FILENAME>
        <LINE>586</LINE>
        <COLUMN>16</COLUMN>
      </SFA>
      <SFA>
        <FILEPATH>C:\Users\tegar\Downloads\Compressed\SourceCode-latest\SysmonSimulator-main\</FILEPATH>
        <FILENAME>SysmonSimulator.c</FILENAME>
        <LINE>587</LINE>
        <COLUMN>10</COLUMN>
      </SFA>
      <SFA>
        <FILEPATH>C:\Users\tegar\Downloads\Compressed\SourceCode-latest\SysmonSimulator-main\</FILEPATH>
        <FILENAME>SysmonSimulator.c</FILENAME>
        <LINE>589</LINE>
        <COLUMN>8</COLUMN>
      </SFA>
      <SFA>
        <FILEPATH>C:\Users\tegar\Downloads\Compressed\SourceCode-latest\SysmonSimulator-main\</FILEPATH>
        <FILENAME>SysmonSimulator.c</FILENAME>
        <LINE>596</LINE>
        <COLUMN>4</COLUMN>
      </SFA>
      <SFA>
        <FILEPATH>C:\Users\tegar\Downloads\Compressed\SourceCode-latest\SysmonSimulator-main\</FILEPATH>
        <FILENAME>SysmonSimulator.c</FILENAME>
        <LINE>597</LINE>
        <COLUMN>10</COLUMN>
        <KEYEVENT>
          <ID>1</ID>
          <KIND>declaration</KIND>
          <IMPORTANCE>Essential</IMPORTANCE>
          <MESSAGE>'pDosH' may be NULL</MESSAGE>
        </KEYEVENT>
      </SFA>
      <SFA>
        <FILEPATH>C:\Users\tegar\Downloads\Compressed\SourceCode-latest\SysmonSimulator-main\</FILEPATH>
        <FILENAME>SysmonSimulator.c</FILENAME>
        <LINE>599</LINE>
        <COLUMN>23</COLUMN>
        <KEYEVENT>
          <ID>2</ID>
          <KIND>branch</KIND>
          <IMPORTANCE>Full</IMPORTANCE>
          <MESSAGE>Skip this branch, (assume 'pDosH-&gt;e_magic!=23117' is false)</MESSAGE>
        </KEYEVENT>
      </SFA>
      <SFA>
        <FILEPATH>C:\Users\tegar\Downloads\Compressed\SourceCode-latest\SysmonSimulator-main\</FILEPATH>
        <FILENAME>SysmonSimulator.c</FILENAME>
        <LINE>599</LINE>
        <COLUMN>23</COLUMN>
        <KEYEVENT>
          <ID>3</ID>
          <KIND>usage</KIND>
          <IMPORTANCE>Essential</IMPORTANCE>
          <MESSAGE>'pDosH' is dereferenced, but may still be NULL</MESSAGE>
        </KEYEVENT>
      </SFA>
    </PATH>
  </DEFECT>
</DEFECTS>