<rule id="250100" level="15">
	<if_group>sysmon_event8</if_group>
	<field name="win.eventdata.StartModule">\\\\kernel32.dll$</field>
	<field name="win.eventdata.StartFunction">LoadLibraryA</field>
	<description>ATT&CK T1055: CreateRemoteThread API and LoadLibrary</description>
	<info type="text">Detects potential use of CreateRemoteThread api and LoadLibrary function to inject DLL into a process </info>
	<info type="text">Falsepositives: Unknown. </info>
	<info type="text">Sigma UUID: 052ec6f6-1adc-41e6-907a-f1c813478bee </info>
	<info type="link">https://github.com/Cyb3rWard0g/ThreatHunter-Playbook/tree/master/playbooks/windows/05_defense_evasion/T1055_process_injection/dll_injection_createremotethread_loadlibrary.md </info>
	<group>attack.defense_evasion,attack.t1055,MITRE</group>
</rule>

