<rule id="250090" level="14">
	<if_group>sysmon_event8</if_group>
	<field name="win.eventdata.StartAddress">0B80$|0C7C$|0C88$</field>
	<description>ATT&CK T1055: CobaltStrike Process Injection</description>
	<info type="text">Detects a possible remote threat creation with certain characteristics which are typical for Cobalt Strike beacons </info>
	<info type="text">Falsepositives: unknown. </info>
	<info type="text">Sigma UUID: 6309645e-122d-4c5b-bb2b-22e4f9c2fa42 </info>
	<info type="link">https://medium.com/@olafhartong/cobalt-strike-remote-threads-detection-206372d11d0f </info>
	<info type="link">https://blog.cobaltstrike.com/2018/04/09/cobalt-strike-3-11-the-snake-that-eats-its-tail/ </info>
	<group>attack.defense_evasion,attack.t1055,MITRE</group>
</rule>

