<rule id="250670" level="14">
	<if_group>windows</if_group>
	<field name="win.system.EventID">^12$|^13$</field>
	<field name="win.eventdata.TargetObject">\\\\CurrentControlSet\\\\Services\\\\NTDS\\\\DirectoryServiceExtPt|\\\\CurrentControlSet\\\\Services\\\\NTDS\\\\LsaDbExtPt</field>
	<description>ATT&CK T1177: DLL Load via LSASS</description>
	<info type="text">Detects a method to load DLL via LSASS process using an undocumented Registry key </info>
	<info type="text">Falsepositives: Unknown. </info>
	<info type="text">Sigma UUID: b3503044-60ce-4bf4-bbcb-e3db98788823 </info>
	<info type="link">https://blog.xpnsec.com/exploring-mimikatz-part-1/ </info>
	<info type="link">https://twitter.com/SBousseaden/status/1183745981189427200 </info>
	<group>attack.execution,attack.t1177,MITRE</group>
</rule>

