<rule id="250140" level="14">
	<if_group>sysmon_event_13</if_group>
	<field name="win.eventdata.TargetObject">\\\\Services\\\\DHCPServer\\\\Parameters\\\\CalloutDlls|\\\\Services\\\\DHCPServer\\\\Parameters\\\\CalloutEnabled</field>
	<description>ATT&CK T1073 T1112: DHCP Callout DLL Installation</description>
	<info type="text">Detects the installation of a Callout DLL via CalloutDlls and CalloutEnabled parameter in Registry, which can be used to execute code in context of the DHCP server (restart required) </info>
	<info type="text">Falsepositives: unknown. </info>
	<info type="text">Sigma UUID: 9d3436ef-9476-4c43-acca-90ce06bdf33a </info>
	<info type="link">https://blog.3or.de/mimilib-dhcp-server-callout-dll-injection.html </info>
	<info type="link">https://technet.microsoft.com/en-us/library/cc726884(v=ws.10).aspx </info>
	<info type="link">https://msdn.microsoft.com/de-de/library/windows/desktop/aa363389(v=vs.85).aspx </info>
	<group>attack.defense_evasion,attack.t1073,attack.t1112,MITRE</group>
</rule>

