<rule id="250690" level="14">
	<if_group>sysmon_event7</if_group>
	<field name="win.eventdata.Image">\\\\winword.exe|\\\\powerpnt.exe|\\\\excel.exe|\\\\outlook.exe</field>
	<field name="win.eventdata.ImageLoaded">\\\\clr.dll</field>
	<description>ATT&CK T1193: CLR DLL Loaded Via Office Applications</description>
	<info type="text">Detects CLR DLL being loaded by an Office Product </info>
	<info type="text">Falsepositives: Alerts on legitimate macro usage as well, will need to filter as appropriate. </info>
	<info type="text">Sigma UUID: d13c43f0-f66b-4279-8b2c-5912077c1780 </info>
	<info type="link">https://medium.com/threatpunter/detecting-adversary-tradecraft-with-image-load-event-logging-and-eql-8de93338c16 </info>
	<group>attack.initial_access,attack.t1193,MITRE</group>
</rule>

