<rule id="250450" level="14">
	<if_group>sysmon_event_13</if_group>
	<field name="win.eventdata.TargetObject">\\\\services\\\\TermService\\\\Parameters\\\\ServiceDll|\\\\Control\\\\Terminal Server\\\\fSingleSessionPerUser|\\\\Control\\\\Terminal Server\\\\fDenyTSConnections</field>
	<description>ATT&CK: RDP Sensitive Settings Changed</description>
	<info type="text">Detects changes to RDP terminal service sensitive settings </info>
	<info type="text">Falsepositives: unknown. </info>
	<info type="text">Sigma UUID: 171b67e1-74b4-460e-8d55-b331f3e32d67 </info>
	<info type="link">https://blog.menasec.net/2019/02/threat-hunting-rdp-hijacking-via.html </info>
	<group>attack.defense_evasion,MITRE</group>
</rule>

