<rule id="250580" level="10">
	<if_group>sysmon_event_13</if_group>
	<field name="win.eventdata.TargetObject">\\\\Keyboard Layout\\\\Preload|\\\\Keyboard Layout\\\\Substitutes</field>
	<field name="win.eventdata.Details">00000429|00050429|0000042a</field>
	<description>ATT&CK: Suspicious Keyboard Layout Load</description>
	<info type="text">Detects the keyboard preload installation with a suspicious keyboard layout, e.g. Chinese, Iranian or Vietnamese layout load in user session on systems maintained by US staff only </info>
	<info type="text">Falsepositives: Administrators or users that actually use the selected keyboard layouts (heavily depends on the organisation's user base). </info>
	<info type="text">Sigma UUID: 34aa0252-6039-40ff-951f-939fd6ce47d8 </info>
	<info type="link">https://renenyffenegger.ch/notes/Windows/registry/tree/HKEY_CURRENT_USER/Keyboard-Layout/Preload/index </info>
	<info type="link">https://github.com/SwiftOnSecurity/sysmon-config/pull/92/files </info>
	<group>MITRE</group>
</rule>

