<rule id="250130" level="15">
	<if_group>windows</if_group>
	<field name="win.system.EventID">^17$</field>
	<field name="win.eventdata.PipeName">\\\\lsadump|\\\\cachedump|\\\\wceservicepipe</field>
	<description>ATT&CK T1003: Cred Dump-Tools Named Pipes</description>
	<info type="text">Detects well-known credential dumping tools execution via specific named pipes </info>
	<info type="text">Falsepositives: Legitimate Administrator using tool for password recovery. </info>
	<info type="text">Sigma UUID: 961d0ba2-3eea-4303-a930-2cf78bbfcc5e </info>
	<info type="link">https://www.slideshare.net/heirhabarov/hunting-for-credentials-dumping-in-windows-environment </info>
	<group>attack.credential_access,attack.t1003,MITRE</group>
</rule>

