<rule id="250660" level="14">
	<if_group>sysmon_event7</if_group>
	<field name="win.eventdata.Image">\\\\notepad.exe</field>
	<field name="win.eventdata.ImageLoaded">\\\\samlib.dll|\\\\WinSCard.dll</field>
	<description>ATT&CK T1073: Possible Process Hollowing Image Loading</description>
	<info type="text">Detects Loading of samlib.dll, WinSCard.dll from untypical process e.g. through process hollowing by Mimikatz </info>
	<info type="text">Falsepositives: Very likely, needs more tuning. </info>
	<info type="text">Sigma UUID: e32ce4f5-46c6-4c47-ba69-5de3c9193cd7 </info>
	<info type="link">https://cyberwardog.blogspot.com/2017/03/chronicles-of-threat-hunter-hunting-for.html </info>
	<group>attack.defense_evasion,attack.t1073,MITRE</group>
</rule>

