<rule id="250830" level="8">
	<if_group>sysmon_event_13</if_group>
	<field name="win.eventdata.TargetObject">\\\\EulaAccepted</field>
	<description>ATT&CK: Usage of Sysinternals Tools</description>
	<info type="text">Detects the usage of Sysinternals Tools due to accepteula key being added to Registry </info>
	<info type="text">Falsepositives: Legitimate use of SysInternals tools. Programs that use the same Registry Key. </info>
	<info type="text">Sigma UUID: 25ffa65d-76d8-4da5-a832-3f2b0136e133 </info>
	<info type="link">https://twitter.com/Moti_B/status/1008587936735035392 </info>
	<group>MITRE</group>
</rule>

