<rule id="250370" level="14">
	<if_group>sysmon_event_13</if_group>
	<field name="win.eventdata.IntegrityLevel">Medium</field>
	<field name="win.eventdata.TargetObject">\\\\services\\\\</field>
	<field name="win.eventdata.TargetObject">\\\\ImagePath$|\\\\FailureCommand$|\\\\Parameters\\\\ServiceDll$</field>
	<description>ATT&CK T1058: Possible Privilege Escalation via Service Permissions Weakness</description>
	<info type="text">Detect modification of services configuration (ImagePath, FailureCommand and ServiceDLL) in registry by processes with Medium integrity level </info>
	<info type="text">Falsepositives: Unknown. </info>
	<info type="text">Sigma UUID: 0f9c21f1-6a73-4b0e-9809-cb562cb8d981 </info>
	<info type="link">https://speakerdeck.com/heirhabarov/hunting-for-privilege-escalation-in-windows-environment </info>
	<info type="link">https://pentestlab.blog/2017/03/31/insecure-registry-permissions/ </info>
	<group>attack.privilege_escalation,attack.t1058,MITRE</group>
</rule>

