<rule id="250730" level="14">
	<if_group>sysmon_event8</if_group>
	<field name="win.eventdata.SourceImage">\\\\powershell.exe</field>
	<field name="win.eventdata.TargetImage">\\\\rundll32.exe</field>
	<description>ATT&CK T1085 T1086: PowerShell Rundll32 Remote Thread Creation</description>
	<info type="text">Detects PowerShell remote thread creation in Rundll32.exe </info>
	<info type="text">Falsepositives: Unkown. </info>
	<info type="text">Sigma UUID: 99b97608-3e21-4bfe-8217-2a127c396a0e </info>
	<info type="link">https://www.fireeye.com/blog/threat-research/2018/06/bring-your-own-land-novel-red-teaming-technique.html </info>
	<group>attack.defense_evasion,attack.execution,attack.t1085,attack.t1086,MITRE</group>
</rule>

