<rule id="250790" level="10">
	<if_group>sysmon_event_13</if_group>
	<field name="win.eventdata.TargetObject">HKLM\\\\System\\\\CurrentControlSet\\\\Services\\\\NalDrv\\\\ImagePath|HKLM\\\\System\\\\CurrentControlSet\\\\Services\\\\PROCEXP152\\\\ImagePath</field>
	<description>ATT&CK T1089: Suspicious Service Installed</description>
	<info type="text">Detects installation of NalDrv or PROCEXP152 services via registry-keys to non-system32 folders. Both services are used in the tool Ghost-In-The-Logs (https://github.com/bats3c/Ghost-In-The-Logs), which uses KDU (https://github.com/hfiref0x/KDU) </info>
	<info type="text">Falsepositives: Other legimate tools using this service names and drivers. Note - clever attackers may easily bypass this detection by just renaming the services. Therefore just Medium-level and don't rely on it.. </info>
	<info type="text">Sigma UUID: f2485272-a156-4773-82d7-1d178bc4905b </info>
	<info type="link">https://blog.dylan.codes/evading-sysmon-and-windows-event-logging/ </info>
	<group>attack.t1089,attack.defense_evasion,MITRE</group>
</rule>

<rule id="250791" level="0">
	<if_sid>250790</if_sid>
	<field name="win.eventdata.Image">\\\\procexp64.exe|\\\\procexp.exe|\\\\procmon64.exe|\\\\procmon.exe</field>
	<description>Whitelist Interaction: Suspicious Service Installed</description>
	<group>attack.t1089,attack.defense_evasion,MITRE</group>
</rule>

<rule id="250792" level="0">
	<if_sid>250790</if_sid>
	<field name="win.eventdata.Details">\\\\WINDOWS\\\\system32\\\\Drivers\\\\PROCEXP152.SYS</field>
	<description>Whitelist Interaction: Suspicious Service Installed</description>
	<group>attack.t1089,attack.defense_evasion,MITRE</group>
</rule>

