<rule id="250210" level="15">
	<if_group>sysmon_event_10</if_group>
	<field name="win.eventdata.CallTrace">\.:\\\\Windows\\\\SYSTEM32\\\\ntdll.dll\p\.*\|\.:\\\\Windows\\\\System32\\\\KERNELBASE.dll\p\.*\|UNKNOWN\(\.*\)|UNKNOWN\(\.*\)\|UNKNOWN\(\.*\)</field>
	<description>ATT&CK T1055: Suspicious In-Memory Module Execution</description>
	<info type="text">Detects the access to processes by other suspicious processes which have reflectively loaded libraries in their memory space. An example is SilentTrinity C2 behaviour. Generally speaking, when Sysmon EventID 10 cannot reference a stack call to a dll loaded from disk (the standard way), it will display "UNKNOWN" as the module name. Usually this means the stack call points to a module that was reflectively loaded in memory. Adding to this, it is not common to see such few calls in the stack (ntdll.dll --> kernelbase.dll --> unknown) which essentially means that most of the functions required by the process to execute certain routines are already present in memory, not requiring any calls to external libraries. The latter should also be considered suspicious. </info>
	<info type="text">Falsepositives: Low. </info>
	<info type="text">Sigma UUID: 5f113a8f-8b61-41ca-b90f-d374fa7e4a39 </info>
	<info type="link">https://azure.microsoft.com/en-ca/blog/detecting-in-memory-attacks-with-sysmon-and-azure-security-center/ </info>
	<group>attack.privilege_escalation,attack.t1055,MITRE</group>
</rule>

<rule id="250211" level="15">
	<if_group>sysmon_event_10</if_group>
	<field name="win.eventdata.CallTrace">UNKNOWN</field>
	<field name="win.eventdata.GrantedAccess">0x1F0FFF|0x1F1FFF|0x143A|0x1410|0x1010|0x1F2FFF|0x1F3FFF|0x1FFFFF</field>
	<description>ATT&CK T1055: Suspicious In-Memory Module Execution</description>
	<info type="text">Detects the access to processes by other suspicious processes which have reflectively loaded libraries in their memory space. An example is SilentTrinity C2 behaviour. Generally speaking, when Sysmon EventID 10 cannot reference a stack call to a dll loaded from disk (the standard way), it will display "UNKNOWN" as the module name. Usually this means the stack call points to a module that was reflectively loaded in memory. Adding to this, it is not common to see such few calls in the stack (ntdll.dll --> kernelbase.dll --> unknown) which essentially means that most of the functions required by the process to execute certain routines are already present in memory, not requiring any calls to external libraries. The latter should also be considered suspicious. </info>
	<info type="text">Falsepositives: Low. </info>
	<info type="text">Sigma UUID: 5f113a8f-8b61-41ca-b90f-d374fa7e4a39 </info>
	<info type="link">https://azure.microsoft.com/en-ca/blog/detecting-in-memory-attacks-with-sysmon-and-azure-security-center/ </info>
	<group>attack.privilege_escalation,attack.t1055,MITRE</group>
</rule>

