<rule id="250440" level="14">
	<if_group>sysmon_event3</if_group>
	<field name="win.eventdata.Image">\\\\svchost.exe</field>
	<field name="win.eventdata.Initiated">true</field>
	<field name="win.eventdata.SourcePort">^3389$</field>
	<field name="win.eventdata.DestinationIp">127.|::1</field>
	<description>ATT&CK T1076: RDP Over Reverse SSH Tunnel</description>
	<info type="text">Detects svchost hosting RDP termsvcs communicating with the loopback address and on TCP port 3389 </info>
	<info type="text">Falsepositives: unknown. </info>
	<info type="text">Sigma UUID: 5f699bc5-5446-4a4a-a0b7-5ef2885a3eb4 </info>
	<info type="link">https://twitter.com/SBousseaden/status/1096148422984384514 </info>
	<group>attack.defense_evasion,attack.command_and_control,attack.t1076,car.2013-07-002,MITRE</group>
</rule>

