<rule id="250800" level="14">
	<if_group>sysmon_event7</if_group>
	<field name="win.eventdata.Image">\\\\winword.exe|\\\\powerpnt.exe|\\\\excel.exe|\\\\outlook.exe</field>
	<field name="win.eventdata.ImageLoaded">\\\\VBE7.DLL|\\\\VBEUI.DLL|\\\\VBE7INTL.DLL</field>
	<description>ATT&CK T1193: VBA DLL Loaded Via Microsoft Word</description>
	<info type="text">Detects DLL's Loaded Via Word Containing VBA Macros </info>
	<info type="text">Falsepositives: Alerts on legitimate macro usage as well, will need to filter as appropriate. </info>
	<info type="text">Sigma UUID: e6ce8457-68b1-485b-9bdd-3c2b5d679aa9 </info>
	<info type="link">https://medium.com/threatpunter/detecting-adversary-tradecraft-with-image-load-event-logging-and-eql-8de93338c16 </info>
	<group>attack.initial_access,attack.t1193,MITRE</group>
</rule>

