<rule id="250340" level="10">
	<if_group>windows</if_group>
	<field name="win.system.EventID">^12$|^13$</field>
	<field name="win.eventdata.TargetObject">\\\\SOFTWARE\\\\Microsoft\\\\Windows NT\\\\CurrentVersion\\\\Windows\\\\AppInit_Dlls|\\\\SOFTWARE\\\\Wow6432Node\\\\Microsoft\\\\Windows NT\\\\CurrentVersion\\\\Windows\\\\AppInit_Dlls</field>
	<description>ATT&CK T1103: New DLL Added to AppInit_DLLs Registry Key</description>
	<info type="text">DLLs that are specified in the AppInit_DLLs value in the Registry key HKLM\Software\Microsoft\Windows NT\CurrentVersion\Windows are loaded by user32.dll into every process that loads user32.dll </info>
	<info type="text">Falsepositives: Unkown. </info>
	<info type="text">Sigma UUID: 4f84b697-c9ed-4420-8ab5-e09af5b2345d </info>
	<info type="link">https://eqllib.readthedocs.io/en/latest/analytics/822dc4c5-b355-4df8-bd37-29c458997b8f.html </info>
	<group>attack.persistence,attack.t1103,MITRE</group>
</rule>

<rule id="250341" level="10">
	<if_group>windows</if_group>
	<field name="win.system.EventID">^14$</field>
	<field name="win.eventdata.NewName">\\\\SOFTWARE\\\\Microsoft\\\\Windows NT\\\\CurrentVersion\\\\Windows\\\\AppInit_Dlls|\\\\SOFTWARE\\\\Wow6432Node\\\\Microsoft\\\\Windows NT\\\\CurrentVersion\\\\Windows\\\\AppInit_Dlls</field>
	<description>ATT&CK T1103: New DLL Added to AppInit_DLLs Registry Key</description>
	<info type="text">DLLs that are specified in the AppInit_DLLs value in the Registry key HKLM\Software\Microsoft\Windows NT\CurrentVersion\Windows are loaded by user32.dll into every process that loads user32.dll </info>
	<info type="text">Falsepositives: Unkown. </info>
	<info type="text">Sigma UUID: 4f84b697-c9ed-4420-8ab5-e09af5b2345d </info>
	<info type="link">https://eqllib.readthedocs.io/en/latest/analytics/822dc4c5-b355-4df8-bd37-29c458997b8f.html </info>
	<group>attack.persistence,attack.t1103,MITRE</group>
</rule>

