<rule id="250280" level="15">
	<if_group>windows</if_group>
	<field name="win.system.EventID">^17$|^18$</field>
	<field name="win.eventdata.PipeName">\\\\isapi_http|\\\\isapi_dg|\\\\isapi_dg2|\\\\sdlrpc|\\\\ahexec|\\\\winsession|\\\\lsassw|\\\\46a676ab7f179e511e30dd2dc41bd388|\\\\9f81f59bc58452127884ce513865ed20|\\\\e710f28d59aa529d6792ca6ff0ca1b34|\\\\rpchlp_3|\\\\NamePipe_MoreWindows|\\\\pcheap_reuse|\\\\msagent_|\\\\gruntsvc</field>
	<description>ATT&CK T1055: Malicious Named Pipe</description>
	<info type="text">Detects the creation of a named pipe used by known APT malware </info>
	<info type="text">Falsepositives: Unkown. </info>
	<info type="text">Sigma UUID: fe3ac066-98bb-432a-b1e7-a5229cb39d4a </info>
	<info type="link">Various sources </info>
	<group>attack.defense_evasion,attack.privilege_escalation,attack.t1055,MITRE</group>
</rule>

