<rule id="250160" level="14">
	<if_group>sysmon_event_13</if_group>
	<field name="win.eventdata.TargetObject">\\\\services\\\\DNS\\\\Parameters\\\\ServerLevelPluginDll</field>
	<description>ATT&CK T1073: DNS ServerLevelPluginDll Install</description>
	<info type="text">Detects the installation of a plugin DLL via ServerLevelPluginDll parameter in Registry, which can be used to execute code in context of the DNS server (restart required) </info>
	<info type="text">Falsepositives: unknown. </info>
	<info type="text">Sigma UUID: e61e8a88-59a9-451c-874e-70fcc9740d67 </info>
	<info type="link">https://medium.com/@esnesenon/feature-not-bug-dnsadmin-to-dc-compromise-in-one-line-a0f779b8dc83 </info>
	<group>attack.defense_evasion,attack.t1073,MITRE</group>
</rule>

<rule id="250161" level="14">
	<if_group>sysmon_event1</if_group>
	<field name="win.eventdata.CommandLine">dnscmd.exe\s+/config\s+/serverlevelplugindll </field>
	<description>ATT&CK T1073: DNS ServerLevelPluginDll Install</description>
	<info type="text">Detects the installation of a plugin DLL via ServerLevelPluginDll parameter in Registry, which can be used to execute code in context of the DNS server (restart required) </info>
	<info type="text">Falsepositives: unknown. </info>
	<info type="text">Sigma UUID: e61e8a88-59a9-451c-874e-70fcc9740d67 </info>
	<info type="link">https://medium.com/@esnesenon/feature-not-bug-dnsadmin-to-dc-compromise-in-one-line-a0f779b8dc83 </info>
	<group>attack.defense_evasion,attack.t1073,MITRE</group>
</rule>

