<rule id="250310" level="15">
	<if_group>sysmon_event7</if_group>
	<field name="win.eventdata.ImageLoaded">\\\\dbghelp.dll$|\\\\dbgcore.dll$</field>
	<field name="win.eventdata.Image">\\\\msbuild.exe$|\\\\cmd.exe$|\\\\svchost.exe$|\\\\rundll32.exe$|\\\\powershell.exe$|\\\\word.exe$|\\\\excel.exe$|\\\\powerpnt.exe$|\\\\outlook.exe$|\\\\monitoringhost.exe$|\\\\wmic.exe$|\\\\msiexec.exe$|\\\\bash.exe$|\\\\wscript.exe$|\\\\cscript.exe$|\\\\mshta.exe$|\\\\regsvr32.exe$|\\\\schtasks.exe$|\\\\dnx.exe$|\\\\regsvcs.exe$|\\\\sc.exe$|\\\\scriptrunner.exe$</field>
	<match>!Visual Studio</match>
	<description>ATT&CK T1003: Dumping Lsass.exe Memory with MiniDumpWriteDump API</description>
	<info type="text">Detects the use of MiniDumpWriteDump API for dumping lsass.exe memory in a stealth way. Tools like ProcessHacker and some attacker tradecract use this API found in dbghelp.dll or dbgcore.dll. As an example, SilentTrynity C2 Framework has a module that leverages this API to dump the contents of Lsass.exe and transfer it over the network back to the attacker's machine. </info>
	<info type="text">Falsepositives: Penetration tests. </info>
	<info type="text">Sigma UUID: dd5ab153-beaa-4315-9647-65abc5f71541 </info>
	<info type="link">https://docs.microsoft.com/en-us/windows/win32/api/minidumpapiset/nf-minidumpapiset-minidumpwritedump </info>
	<info type="link">https://www.pinvoke.net/default.aspx/dbghelp/MiniDumpWriteDump.html </info>
	<info type="link">https://medium.com/@fsx30/bypass-edrs-memory-protection-introduction-to-hooking-2efb21acffd6 </info>
	<group>attack.credential_access,attack.t1003,MITRE</group>
</rule>

<rule id="250311" level="15">
	<if_group>sysmon_event7</if_group>
	<field name="win.eventdata.ImageLoaded">\\\\dbghelp.dll$|\\\\dbgcore.dll$</field>
	<field name="win.eventdata.Signed">FALSE</field>
	<match>!Visual Studio</match>
	<description>ATT&CK T1003: Dumping Lsass.exe Memory with MiniDumpWriteDump API</description>
	<info type="text">Detects the use of MiniDumpWriteDump API for dumping lsass.exe memory in a stealth way. Tools like ProcessHacker and some attacker tradecract use this API found in dbghelp.dll or dbgcore.dll. As an example, SilentTrynity C2 Framework has a module that leverages this API to dump the contents of Lsass.exe and transfer it over the network back to the attacker's machine. </info>
	<info type="text">Falsepositives: Penetration tests. </info>
	<info type="text">Sigma UUID: dd5ab153-beaa-4315-9647-65abc5f71541 </info>
	<info type="link">https://docs.microsoft.com/en-us/windows/win32/api/minidumpapiset/nf-minidumpapiset-minidumpwritedump </info>
	<info type="link">https://www.pinvoke.net/default.aspx/dbghelp/MiniDumpWriteDump.html </info>
	<info type="link">https://medium.com/@fsx30/bypass-edrs-memory-protection-introduction-to-hooking-2efb21acffd6 </info>
	<group>attack.credential_access,attack.t1003,MITRE</group>
</rule>
