<rule id="250550" level="10">
	<if_group>sysmon_event3</if_group>
	<field name="win.eventdata.Image">\\\\rundll32.exe</field>
	<field name="win.eventdata.Initiated">true</field>
	<description>ATT&CK T1085: Rundll32 Internet Connection</description>
	<info type="text">Detects a rundll32 that communicates with public IP addresses </info>
	<info type="text">Falsepositives: Communication to other corporate systems that use IP addresses from public address spaces. </info>
	<info type="text">Sigma UUID: cdc8da7d-c303-42f8-b08c-b4ab47230263 </info>
	<info type="link">https://www.hybrid-analysis.com/sample/759fb4c0091a78c5ee035715afe3084686a8493f39014aea72dae36869de9ff6?environmentId=100 </info>
	<group>attack.t1085,attack.defense_evasion,attack.execution,MITRE</group>
</rule>

<rule id="250551" level="0">
	<if_sid>250550</if_sid>
	<field name="win.eventdata.DestinationIp">^10.|^192.168.|^172.16.|^172.17.|^172.18.|^172.19.|^172.20.|^172.21.|^172.22.|^172.23.|^172.24.|^172.25.|^172.26.|^172.27.|^172.28.|^172.29.|^172.30.|^172.31.|^127.0.0.1</field>
	<description>Whitelist Interaction: Rundll32 Internet Connection</description>
	<group>attack.t1085,attack.defense_evasion,attack.execution,MITRE</group>
</rule>

