<rule id="250680" level="14">
	<if_group>sysmon_event7</if_group>
	<field name="win.eventdata.Image">\\\\winword.exe|\\\\powerpnt.exe|\\\\excel.exe|\\\\outlook.exe</field>
	<field name="win.eventdata.ImageLoaded">\.:\\\\Windows\\\\assembly</field>
	<description>ATT&CK T1193: dotNET DLL Loaded Via Office Applications</description>
	<info type="text">Detects any assembly DLL being loaded by an Office Product </info>
	<info type="text">Falsepositives: Alerts on legitimate macro usage as well, will need to filter as appropriate. </info>
	<info type="text">Sigma UUID: ff0f2b05-09db-4095-b96d-1b75ca24894a </info>
	<info type="link">https://medium.com/threatpunter/detecting-adversary-tradecraft-with-image-load-event-logging-and-eql-8de93338c16 </info>
	<group>attack.initial_access,attack.t1193,MITRE</group>
</rule>

