<rule id="250640" level="10">
	<if_group>sysmon_event6</if_group>
	<field name="win.eventdata.ImageLoaded">\\\\Temp\\\\</field>
	<description>ATT&CK T1050: Suspicious Driver Load from Temp</description>
	<info type="text">Detects a driver load from a temporary directory </info>
	<info type="text">Falsepositives: there is a relevant set of false positives depending on applications in the environment. </info>
	<info type="text">Sigma UUID: 2c4523d5-d481-4ed0-8ec3-7fbf0cb41a75 </info>
	<group>attack.persistence,attack.t1050,MITRE</group>
</rule>

