<rule id="250300" level="14">
	<if_group>sysmon_event_10</if_group>
	<field name="win.eventdata.TargetImage">\.:\\\\windows\\\\system32\\\\lsass.exe</field>
	<field name="win.eventdata.SourceImage">\.:\\\\Windows\\\\system32\\\\wsmprovhost.exe</field>
	<description>ATT&CK T1003 T1028 S0005: Mimikatz through Windows Remote Management</description>
	<info type="text">Detects usage of mimikatz through WinRM protocol by monitoring access to lsass process by wsmprovhost.exe. </info>
	<info type="text">Falsepositives: low. </info>
	<info type="text">Sigma UUID: aa35a627-33fb-4d04-a165-d33b4afca3e8 </info>
	<info type="link">https://pentestlab.blog/2018/05/15/lateral-movement-winrm/ </info>
	<group>attack.credential_access,attack.execution,attack.t1003,attack.t1028,attack.s0005,MITRE</group>
</rule>

