<rule id="250120" level="14">
	<if_group>sysmon_event_11</if_group>
	<field name="win.eventdata.TargetFilename">\\\\pwdump|\\\\kirbi|\\\\pwhashes|\\\\wce_ccache|\\\\wce_krbtkts|\\\\fgdump-log</field>
	<description>ATT&CK T1003: Cred Dump Tools Dropped Files</description>
	<info type="text">Files with well-known filenames (parts of credential dump software or files produced by them) creation </info>
	<info type="text">Falsepositives: Legitimate Administrator using tool for password recovery. </info>
	<info type="text">Sigma UUID: 8fbf3271-1ef6-4e94-8210-03c2317947f6 </info>
	<info type="link">https://www.slideshare.net/heirhabarov/hunting-for-credentials-dumping-in-windows-environment </info>
	<group>attack.credential_access,attack.t1003,MITRE</group>
</rule>

<rule id="250121" level="14">
	<if_group>sysmon_event_11</if_group>
	<field name="win.eventdata.TargetFilename">\\\\test.pwd$|\\\\lsremora64.dll$|\\\\lsremora.dll$|\\\\fgexec.exe$|\\\\wceaux.dll$|\\\\SAM.out$|\\\\SECURITY.out$|\\\\SYSTEM.out$|\\\\NTDS.out$|\\\\DumpExt.dll$|\\\\DumpSvc.exe$|\\\\cachedump64.exe$|\\\\cachedump.exe$|\\\\pstgdump.exe$|\\\\servpw.exe$|\\\\servpw64.exe$|\\\\pwdump.exe$|\\\\procdump64.exe$</field>
	<description>ATT&CK T1003: Cred Dump Tools Dropped Files</description>
	<info type="text">Files with well-known filenames (parts of credential dump software or files produced by them) creation </info>
	<info type="text">Falsepositives: Legitimate Administrator using tool for password recovery. </info>
	<info type="text">Sigma UUID: 8fbf3271-1ef6-4e94-8210-03c2317947f6 </info>
	<info type="link">https://www.slideshare.net/heirhabarov/hunting-for-credentials-dumping-in-windows-environment </info>
	<group>attack.credential_access,attack.t1003,MITRE</group>
</rule>

