<rule id="250420" level="10">
	<if_group>sysmon_event9</if_group>
	<match>!\\wmiprvse.exe|\\sdiagnhost.exe|\\searchindexer.exe|\\csrss.exe|\\defrag.exe|\\smss.exe|\\vssvc.exe|\\compattelrunner.exe|\\wininit.exe|\\autochk.exe|\\taskhost.exe|\\dfsrs.exe|\\vds.exe|\\lsass.exe</match>
	<description>ATT&CK T1006: Raw Disk Access Using Illegitimate Tools</description>
	<info type="text">Raw disk access using illegitimate tools, possible defence evasion </info>
	<info type="text">Falsepositives: Legitimate Administrator using tool for raw access or ongoing forensic investigation. </info>
	<info type="text">Sigma UUID: db809f10-56ce-4420-8c86-d6a7d793c79c </info>
	<info type="link">https://www.slideshare.net/heirhabarov/hunting-for-credentials-dumping-in-windows-environment </info>
	<group>attack.defense_evasion,attack.t1006,MITRE</group>
</rule>

<rule id="250421" level="0">
	<if_sid>250420</if_sid>
	<field name="win.eventdata.Device">floppy</field>
	<description>Whitelist Interaction: Raw Disk Access Using Illegitimate Tools</description>
	<group>attack.defense_evasion,attack.t1006,MITRE</group>
</rule>
