<rule id="250560" level="15">
	<if_group>sysmon_event_13</if_group>
	<field name="win.eventdata.TargetObject">HKLM\\\\System\\\\CurrentControlSet\\\\Control\\\\Lsa\\\\Security Packages|HKLM\\\\System\\\\CurrentControlSet\\\\Control\\\\Lsa\\\\OSConfig\\\\Security Packages</field>
	<description>ATT&CK T1011: Security Support Provider (SSP) Added to LSA Configuration</description>
	<info type="text">Detects the addition of a SSP to the registry. Upon a reboot or API call, SSP DLLs gain access to encrypted and plaintext passwords stored in Windows. </info>
	<info type="text">Falsepositives: Unlikely. </info>
	<info type="text">Sigma UUID: eeb30123-9fbd-4ee8-aaa0-2e545bbed6dc </info>
	<info type="link">https://attack.mitre.org/techniques/T1101/ </info>
	<info type="link">https://powersploit.readthedocs.io/en/latest/Persistence/Install-SSP/ </info>
	<group>attack.persistence,attack.t1011,MITRE</group>
</rule>

<rule id="250561" level="0">
	<if_sid>250560</if_sid>
	<field name="win.eventdata.Image">\.:\\\\Windows\\\\syswow64\\\\MsiExec.exe</field>
	<description>Whitelist Interaction: Security Support Provider (SSP) Added to LSA Configuration</description>
	<group>attack.persistence,attack.t1011,MITRE</group>
</rule>

<rule id="250562" level="0">
	<if_sid>250560</if_sid>
	<field name="win.eventdata.Image">\.:\\\\Windows\\\\system32\\\\msiexec.exe</field>
	<description>Whitelist Interaction: Security Support Provider (SSP) Added to LSA Configuration</description>
	<group>attack.persistence,attack.t1011,MITRE</group>
</rule>
