<rule id="250070" level="14">
	<if_group>sysmon_event8</if_group>
	<field name="win.eventdata.SourceImage">\\\\System32\\\\cscript.exe|\\\\System32\\\\wscript.exe|\\\\System32\\\\mshta.exe|\\\\winword.exe|\\\\excel.exe</field>
	<field name="win.eventdata.TargetImage">\\\\SysWOW64\\\\</field>
	<field name="win.eventdata.StartModule">null|^$|^ $|^-$</field>
	<description>ATT&CK T1055 T1064: CACTUSTORCH Remote Thread Creation</description>
	<info type="text">Detects remote thread creation from CACTUSTORCH as described in references. </info>
	<info type="text">Falsepositives: unknown. </info>
	<info type="text">Sigma UUID: 2e4e488a-6164-4811-9ea1-f960c7359c40 </info>
	<info type="link">https://twitter.com/SBousseaden/status/1090588499517079552 </info>
	<info type="link">https://github.com/mdsecactivebreach/CACTUSTORCH </info>
	<group>attack.execution,attack.t1055,attack.t1064,MITRE</group>
</rule>

