<rule id="251000" level="14">
	<if_group>sysmon_event7</if_group>
	<field name="win.eventdata.ImageLoaded">\\\\dbghelp.dll$|\\\\dbgcore.dll$</field>
	<field name="win.eventdata.Image">\\\\msbuild.exe$|\\\\cmd.exe$|\\\\svchost.exe$|\\\\rundll32.exe$|\\\\powershell.exe$|\\\\word.exe$|\\\\excel.exe$|\\\\powerpnt.exe$|\\\\outlook.exe$|\\\\monitoringhost.exe$|\\\\wmic.exe$|\\\\bash.exe$|\\\\wscript.exe$|\\\\cscript.exe$|\\\\mshta.exe$|\\\\regsvr32.exe$|\\\\schtasks.exe$|\\\\dnx.exe$|\\\\regsvcs.exe$|\\\\sc.exe$|\\\\scriptrunner.exe$</field>
	<match>!Visual Studio</match>
	<description>ATT&CK T1003: Load of dbghelp/dbgcore DLL from Suspicious Process</description>
	<info type="text">Detects the load of dbghelp/dbgcore DLL (used to make memory dumps) by suspicious processes. Tools like ProcessHacker and some attacker tradecract use MiniDumpWriteDump API found in dbghelp.dll or dbgcore.dll. As an example, SilentTrynity C2 Framework has a module that leverages this API to dump the contents of Lsass.exe and transfer it over the network back to the attacker's machine. </info>
	<info type="text">Falsepositives: Penetration tests. </info>
	<info type="text">Sigma UUID: 0e277796-5f23-4e49-a490-483131d4f6e1 </info>
	<info type="link">https://docs.microsoft.com/en-us/windows/win32/api/minidumpapiset/nf-minidumpapiset-minidumpwritedump </info>
	<info type="link">https://www.pinvoke.net/default.aspx/dbghelp/MiniDumpWriteDump.html </info>
	<info type="link">https://medium.com/@fsx30/bypass-edrs-memory-protection-introduction-to-hooking-2efb21acffd6 </info>
	<group>attack.credential_access,attack.t1003,MITRE</group>
</rule>

<rule id="251001" level="14">
	<if_group>sysmon_event7</if_group>
	<field name="win.eventdata.ImageLoaded">\\\\dbghelp.dll$|\\\\dbgcore.dll$</field>
	<field name="win.eventdata.Signed">FALSE</field>
	<match>!Visual Studio</match>
	<description>ATT&CK T1003: Load of dbghelp/dbgcore DLL from Suspicious Process</description>
	<info type="text">Detects the load of dbghelp/dbgcore DLL (used to make memory dumps) by suspicious processes. Tools like ProcessHacker and some attacker tradecract use MiniDumpWriteDump API found in dbghelp.dll or dbgcore.dll. As an example, SilentTrynity C2 Framework has a module that leverages this API to dump the contents of Lsass.exe and transfer it over the network back to the attacker's machine. </info>
	<info type="text">Falsepositives: Penetration tests. </info>
	<info type="text">Sigma UUID: 0e277796-5f23-4e49-a490-483131d4f6e1 </info>
	<info type="link">https://docs.microsoft.com/en-us/windows/win32/api/minidumpapiset/nf-minidumpapiset-minidumpwritedump </info>
	<info type="link">https://www.pinvoke.net/default.aspx/dbghelp/MiniDumpWriteDump.html </info>
	<info type="link">https://medium.com/@fsx30/bypass-edrs-memory-protection-introduction-to-hooking-2efb21acffd6 </info>
	<group>attack.credential_access,attack.t1003,MITRE</group>
</rule>

