<rule id="250110" level="14">
	<if_group>sysmon_event_10</if_group>
	<field name="win.eventdata.TargetImage">\\\\lsass.exe$</field>
	<field name="win.eventdata.GrantedAccess">0x40|0x1000|0x1400|0x100000|0x1410|0x1010|0x1438|0x143a|0x1418|0x1f0fff|0x1f1fff|0x1f2fff|0x1f3fff</field>
	<match>!\\wmiprvse.exe$|\\taskmgr.exe$|\\procexp64.exe$|\\procexp.exe$|\\lsm.exe$|\\csrss.exe$|\\wininit.exe$|\\vmtoolsd.exe$</match>
	<description>ATT&CK T1003 S0002: Credentials Dumping Tools Accessing LSASS Memory</description>
	<info type="text">Detects process access LSASS memory which is typical for credentials dumping tools </info>
	<info type="text">Falsepositives: Legitimate software accessing LSASS process for legitimate reason; update the whitelist with it. </info>
	<info type="text">Sigma UUID: 32d0d3e2-e58d-4d41-926b-18b520b2b32d </info>
	<info type="link">https://onedrive.live.com/view.aspx?resid=D026B4699190F1E6!2843&ithint=file%2cpptx&app=PowerPoint&authkey=!AMvCRTKB_V1J5ow </info>
	<info type="link">https://cyberwardog.blogspot.com/2017/03/chronicles-of-threat-hunter-hunting-for_22.html </info>
	<info type="link">https://www.slideshare.net/heirhabarov/hunting-for-credentials-dumping-in-windows-environment </info>
	<info type="link">http://security-research.dyndns.org/pub/slides/FIRST2017/FIRST-2017_Tom-Ueltschi_Sysmon_FINAL_notes.pdf </info>
	<group>attack.t1003,attack.s0002,attack.credential_access,car.2019-04-004,MITRE</group>
</rule>
