<rule id="250430" level="14">
	<if_group>sysmon_event_13</if_group>
	<field name="win.eventdata.TargetObject">\\\\CurrentControlSet\\\\Control\\\\Terminal Server\\\\WinStations\\\\RDP-Tcp\\\\UserAuthentication$|\\\\CurrentControlSet\\\\Control\\\\Terminal Server\\\\fDenyTSConnections$</field>
	<field name="win.eventdata.Details">DWORD \(0x00000000\)</field>
	<description>ATT&CK T1112: RDP Registry Modification</description>
	<info type="text">Detects potential malicious modification of the property value of fDenyTSConnections and UserAuthentication to enable remote desktop connections. </info>
	<info type="text">Falsepositives: Unknown. </info>
	<info type="text">Sigma UUID: 41904ebe-d56c-4904-b9ad-7a77bdf154b3 </info>
	<info type="link">https://github.com/Cyb3rWard0g/ThreatHunter-Playbook/tree/master/playbooks/windows/05_defense_evasion/T1112_Modify_Registry/enable_rdp_registry.md </info>
	<group>attack.defense_evasion,attack.t1112,MITRE</group>
</rule>

