<rule id="250810" level="14">
	<if_group>sysmon_event7</if_group>
	<field name="win.eventdata.Image">\\\\winword.exe|\\\\powerpnt.exe|\\\\excel.exe|\\\\outlook.exe</field>
	<field name="win.eventdata.ImageLoaded">\\\\wmiutils.dll|\\\\wbemcomn.dll|\\\\wbemprox.dll|\\\\wbemdisp.dll|\\\\wbemsvc.dll</field>
	<description>ATT&CK T1047: Windows Mangement Instrumentation DLL Loaded Via Microsoft Word</description>
	<info type="text">Detects DLL's Loaded Via Word Containing VBA Macros Executing WMI Commands </info>
	<info type="text">Falsepositives: Possible. Requires further testing.. </info>
	<info type="text">Sigma UUID: a457f232-7df9-491d-898f-b5aabd2cbe2f </info>
	<info type="link">https://medium.com/threatpunter/detecting-adversary-tradecraft-with-image-load-event-logging-and-eql-8de93338c16 </info>
	<info type="link">https://www.carbonblack.com/2019/04/24/cb-tau-threat-intelligence-notification-emotet-utilizing-wmi-to-launch-powershell-encoded-code/ </info>
	<info type="link">https://media.cert.europa.eu/static/SecurityAdvisories/2019/CERT-EU-SA2019-021.pdf </info>
	<group>attack.execution,attack.t1047,MITRE</group>
</rule>

