<rule id="250200" level="14">
	<if_group>sysmon_event_10</if_group>
	<field name="win.eventdata.TargetImage">\\\\windows\\\\system32\\\\svchost.exe</field>
	<field name="win.eventdata.GrantedAccess">0x1f3fff</field>
	<field name="win.eventdata.CallTrace">unknown</field>
	<description>ATT&CK T1089: Suspect Svchost Memory Asccess</description>
	<info type="text">Detects suspect access to svchost process memory such as that used by Invoke-Phantom to kill the winRM windows event logging service. </info>
	<info type="text">Falsepositives: unknown. </info>
	<info type="text">Sigma UUID: 166e9c50-8cd9-44af-815d-d1f0c0e90dde </info>
	<info type="link">https://github.com/hlldz/Invoke-Phant0m </info>
	<info type="link">https://twitter.com/timbmsft/status/900724491076214784 </info>
	<group>attack.t1089,attack.defense_evasion,MITRE</group>
</rule>

