<rule id="250080" level="14">
	<if_group>sysmon_event_12</if_group>
	<field name="win.eventdata.TargetObject">\\\\cmmgr32.exe</field>
	<field name="win.eventdata.EventType">CreateKey</field>
	<description>ATT&CK T1191: CMSTP Execution</description>
	<info type="text">Detects various indicators of Microsoft Connection Manager Profile Installer execution </info>
	<info type="text">Falsepositives: Legitimate CMSTP use (unlikely in modern enterprise environments). </info>
	<info type="text">Sigma UUID: 9d26fede-b526-4413-b069-6e24b6d07167 </info>
	<info type="link">http://www.endurant.io/cmstp/detecting-cmstp-enabled-code-execution-and-uac-bypass-with-sysmon/ </info>
	<group>attack.defense_evasion,attack.execution,attack.t1191,attack.g0069,car.2019-04-001,MITRE</group>
</rule>

<rule id="250081" level="14">
	<if_group>sysmon_event_13</if_group>
	<field name="win.eventdata.TargetObject">\\\\cmmgr32.exe</field>
	<description>ATT&CK T1191: CMSTP Execution</description>
	<info type="text">Detects various indicators of Microsoft Connection Manager Profile Installer execution </info>
	<info type="text">Falsepositives: Legitimate CMSTP use (unlikely in modern enterprise environments). </info>
	<info type="text">Sigma UUID: 9d26fede-b526-4413-b069-6e24b6d07167 </info>
	<info type="link">http://www.endurant.io/cmstp/detecting-cmstp-enabled-code-execution-and-uac-bypass-with-sysmon/ </info>
	<group>attack.defense_evasion,attack.execution,attack.t1191,attack.g0069,car.2019-04-001,MITRE</group>
</rule>

<rule id="250082" level="14">
	<if_group>sysmon_event_10</if_group>
	<field name="win.eventdata.CallTrace">cmlua.dll</field>
	<description>ATT&CK T1191: CMSTP Execution</description>
	<info type="text">Detects various indicators of Microsoft Connection Manager Profile Installer execution </info>
	<info type="text">Falsepositives: Legitimate CMSTP use (unlikely in modern enterprise environments). </info>
	<info type="text">Sigma UUID: 9d26fede-b526-4413-b069-6e24b6d07167 </info>
	<info type="link">http://www.endurant.io/cmstp/detecting-cmstp-enabled-code-execution-and-uac-bypass-with-sysmon/ </info>
	<group>attack.defense_evasion,attack.execution,attack.t1191,attack.g0069,car.2019-04-001,MITRE</group>
</rule>

<rule id="250083" level="14">
	<if_group>sysmon_event1</if_group>
	<field name="win.eventdata.ParentImage">\\\\cmstp.exe</field>
	<description>ATT&CK T1191: CMSTP Execution</description>
	<info type="text">Detects various indicators of Microsoft Connection Manager Profile Installer execution </info>
	<info type="text">Falsepositives: Legitimate CMSTP use (unlikely in modern enterprise environments). </info>
	<info type="text">Sigma UUID: 9d26fede-b526-4413-b069-6e24b6d07167 </info>
	<info type="link">http://www.endurant.io/cmstp/detecting-cmstp-enabled-code-execution-and-uac-bypass-with-sysmon/ </info>
	<group>attack.defense_evasion,attack.execution,attack.t1191,attack.g0069,car.2019-04-001,MITRE</group>
</rule>

