<rule id="250500" level="14">
	<if_group>sysmon_event3</if_group>
	<field name="win.eventdata.DestinationPort">^5985$|^5986$</field>
	<match>!NT AUTHORITY\\NETWORK SERVICE</match>
	<description>ATT&CK T1086: Remote PowerShell Session</description>
	<info type="text">Detects remote PowerShell connections by monitoring network outbount connections to ports 5985 or 5986 from not network service account </info>
	<info type="text">Falsepositives: Leigitmate usage of remote PowerShell, e.g. remote administration and monitoring.. </info>
	<info type="text">Sigma UUID: c539afac-c12a-46ed-b1bd-5a5567c9f045 </info>
	<info type="link">https://github.com/Cyb3rWard0g/ThreatHunter-Playbook/tree/master/playbooks/windows/02_execution/T1086_powershell/powershell_remote_session.md </info>
	<group>attack.execution,attack.t1086,MITRE</group>
</rule>
