<rule id="250940" level="14">
	<if_group>sysmon_event7</if_group>
	<field name="win.eventdata.Image">\.:\\\\Windows\\\\System32\\\\wbem\\\\WmiPrvSE.exe</field>
	<field name="win.eventdata.ImageLoaded">wbemcons.dll</field>
	<description>ATT&CK T1084: WMI Persistence - Command Line Event Consumer</description>
	<info type="text">Detects WMI command line event consumers </info>
	<info type="text">Falsepositives: Unknown (data set is too small; further testing needed). </info>
	<info type="text">Sigma UUID: 05936ce2-ee05-4dae-9d03-9a391cf2d2c6 </info>
	<info type="link">https://www.eideon.com/2018-03-02-THL03-WMIBackdoors/ </info>
	<group>attack.t1084,attack.persistence,MITRE</group>
</rule>

