<rule id="250910" level="15">
	<if_group>sysmon_event_13</if_group>
	<field name="win.eventdata.TargetObject">\\\\SOFTWARE\\\\Microsoft\\\\Windows NT\\\\CurrentVersion\\\\Image File Execution Options\\\\\.*\\\\GlobalFlag|\\\\SOFTWARE\\\\Microsoft\\\\Windows NT\\\\CurrentVersion\\\\SilentProcessExit\\\\\.*\\\\ReportingMode|\\\\SOFTWARE\\\\Microsoft\\\\Windows NT\\\\CurrentVersion\\\\SilentProcessExit\\\\\.*\\\\MonitorProcess</field>
	<field name="win.eventdata.EventType">SetValue</field>
	<description>ATT&CK T1183: Registry Persistence Mechanisms</description>
	<info type="text">Detects persistence registry keys </info>
	<info type="text">Falsepositives: unknown. </info>
	<info type="text">Sigma UUID: 36803969-5421-41ec-b92f-8500f79c23b0 </info>
	<info type="link">https://oddvar.moe/2018/04/10/persistence-using-globalflags-in-image-file-execution-options-hidden-from-autoruns-exe/ </info>
	<group>attack.privilege_escalation,attack.persistence,attack.defense_evasion,attack.t1183,car.2013-01-002,MITRE</group>
</rule>

