<rule id="250750" level="14">
	<if_group>sysmon_event3</if_group>
	<field name="win.eventdata.Image">\\\\\$Recycle.bin|\\\\Users\\\\All Users\\\\|\\\\Users\\\\Default\\\\|\\\\Users\\\\Public\\\\|\\\\Users\\\\Contacts\\\\|\\\\Users\\\\Searches\\\\|\.:\\\\Perflogs\\\\|\\\\config\\\\systemprofile\\\\|\\\\Windows\\\\Fonts\\\\|\\\\Windows\\\\IME\\\\|\\\\Windows\\\\addins\\\\</field>
	<description>ATT&CK: Suspicious Program Location with Network Connections</description>
	<info type="text">Detects programs with network connections running in suspicious files system locations </info>
	<info type="text">Falsepositives: unknown. </info>
	<info type="text">Sigma UUID: 7b434893-c57d-4f41-908d-6a17bf1ae98f </info>
	<info type="link">https://docs.google.com/spreadsheets/d/17pSTDNpa0sf6pHeRhusvWG6rThciE8CsXTSlDUAZDyo </info>
	<group>MITRE</group>
</rule>

