<rule id="250890" level="14">
	<if_group>sysmon_event3</if_group>
	<field name="win.eventdata.Initiated">true</field>
	<field name="win.eventdata.DestinationHostname">.github.com|.githubusercontent.com</field>
	<field name="win.eventdata.Image">\.:\\\\Windows\\\\</field>
	<description>ATT&CK T1105: Microsoft Binary Github Communication</description>
	<info type="text">Detects an executable in the Windows folder accessing github.com </info>
	<info type="text">Falsepositives: Unknown. @subTee in your network. </info>
	<info type="text">Sigma UUID: 635dbb88-67b3-4b41-9ea5-a3af2dd88153 </info>
	<info type="link">https://twitter.com/M_haggis/status/900741347035889665 </info>
	<info type="link">https://twitter.com/M_haggis/status/1032799638213066752 </info>
	<group>attack.lateral_movement,attack.t1105,MITRE</group>
</rule>

