<rule id="250050" level="15">
	<if_group>windows</if_group>
	<field name="win.system.EventID">^17$|^18$</field>
	<field name="win.eventdata.PipeName">\\\\atctl|\\\\userpipe|\\\\iehelper|\\\\sdlrpc|\\\\comnap</field>
	<description>ATT&CK: Turla Group Named Pipes</description>
	<info type="text">Detects a named pipe used by Turla group samples </info>
	<info type="text">Falsepositives: Unkown. </info>
	<info type="text">Sigma UUID: 739915e4-1e70-4778-8b8a-17db02f66db1 </info>
	<info type="link">Internal Research </info>
	<group>attack.g0010,MITRE</group>
</rule>

