<rule id="250630" level="14">
	<if_group>sysmon_event_13</if_group>
	<field name="win.eventdata.Image">\\\\Downloads\\\\|\\\\Temporary Internet Files\\\\Content.Outlook\\\\|\\\\Local Settings\\\\Temporary Internet Files\\\\</field>
	<field name="win.eventdata.TargetObject">\\\\SOFTWARE\\\\Microsoft\\\\Windows\\\\CurrentVersion\\\\Run\\\\</field>
	<description>ATT&CK T1060: Suspicious RUN Key from Download</description>
	<info type="text">Detects the suspicious RUN keys created by software located in Download or temporary Outlook/Internet Explorer directories </info>
	<info type="text">Falsepositives: Software installers downloaded and used by users. </info>
	<info type="text">Sigma UUID: 9c5037d1-c568-49b3-88c7-9846a5bdc2be </info>
	<info type="link">https://app.any.run/tasks/c5bef5b7-f484-4c43-9cf3-d5c5c7839def/ </info>
	<group>attack.persistence,attack.t1060,MITRE</group>
</rule>

