<rule id="250480" level="10">
	<if_group>sysmon_event_12</if_group>
	<field name="win.eventdata.TargetObject">TrustRecords</field>
	<description>ATT&CK T1193: Windows Registry Trust Record Modification</description>
	<info type="text">Alerts on trust record modification within the registry, indicating usage of macros </info>
	<info type="text">Falsepositives: Alerts on legitimate macro usage as well, will need to filter as appropriate. </info>
	<info type="text">Sigma UUID: 295a59c1-7b79-4b47-a930-df12c15fc9c2 </info>
	<info type="link">https://outflank.nl/blog/2018/01/16/hunting-for-evil-detect-macros-being-executed/ </info>
	<info type="link">http://az4n6.blogspot.com/2016/02/more-on-trust-records-macros-and.html </info>
	<group>attack.initial_access,attack.t1193,MITRE</group>
</rule>

