<rule id="250350" level="14">
	<if_group>sysmon_event8</if_group>
	<field name="win.eventdata.TargetImage">\.:\\\\Windows\\\\System32\\\\lsass.exe</field>
	<field name="win.eventdata.StartModule">null|^$|^ $|^-$</field>
	<description>ATT&CK T1003 S0005: Password Dumper Remote Thread in LSASS</description>
	<info type="text">Detects password dumper activity by monitoring remote thread creation EventID 8 in combination with the lsass.exe process as TargetImage. The process in field Process is the malicious program. A single execution can lead to hundreds of events. </info>
	<info type="text">Falsepositives: unknown. </info>
	<info type="text">Sigma UUID: f239b326-2f41-4d6b-9dfa-c846a60ef505 </info>
	<info type="link">https://jpcertcc.github.io/ToolAnalysisResultSheet/details/WCE.htm </info>
	<group>attack.credential_access,attack.t1003,attack.s0005,MITRE</group>
</rule>

