<rule id="250470" level="10">
	<if_group>sysmon_event_13</if_group>
	<field name="win.eventdata.TargetObject">HKU\\\\\.*_Classes\\\\CLSID\\\\\.*\\\\InProcServer32\\\\\(Default\)</field>
	<description>ATT&CK T1038: Windows Registry Persistence COM Search Order Hijacking</description>
	<info type="text">Detects potential COM object hijacking leveraging the COM Search Order </info>
	<info type="text">Falsepositives: Some installed utilities (i.e. OneDrive) may serve new COM objects at user-level. </info>
	<info type="text">Sigma UUID: a0ff33d8-79e4-4cef-b4f3-9dc4133ccd12 </info>
	<info type="link">https://www.cyberbit.com/blog/endpoint-security/com-hijacking-windows-overlooked-security-vulnerability/ </info>
	<group>attack.persistence,attack.t1038,MITRE</group>
</rule>

<rule id="250471" level="0">
	<if_sid>250470</if_sid>
	<field name="win.eventdata.Details">\.:\\\\Windows\\\\system32\\\\|%%systemroot%%\\\\system32\\\\|%%systemroot%%\\\\SysWow64\\\\|\.:\\\\Windows\\\\SysWow64\\\\|\\\\AppData\\\\Local\\\\Microsoft\\\\OneDrive\\\\\.*\\\\FileCoAuthLib64.dll|\\\\AppData\\\\Local\\\\Microsoft\\\\OneDrive\\\\\.*\\\\FileSyncShell64.dll|\\\\AppData\\\\Local\\\\Microsoft\\\\TeamsMeetingAddin\\\\\.*\\\\Microsoft.Teams.AddinLoader.dll</field>
	<description>Whitelist Interaction: Windows Registry Persistence COM Search Order Hijacking</description>
	<group>attack.persistence,attack.t1038,MITRE</group>
</rule>
