<rule id="270160" level="10">
	<if_group>windows</if_group>
	<field name="win.eventdata.ScriptBlockText">System.Net.WebClient</field>
	<field name="win.eventdata.ScriptBlockText">.DownloadFile\(</field>
	<description>ATT&CK T1086: Suspicious PowerShell Download</description>
	<info type="text">Detects suspicious PowerShell download command </info>
	<info type="text">Falsepositives: PowerShell scripts that download content from the Internet. </info>
	<info type="text">Sigma UUID: 65531a81-a694-4e31-ae04-f8ba5bc33759 </info>
	<group>attack.execution,attack.t1086,MITRE</group>
</rule>

<rule id="270161" level="10">
	<if_group>windows</if_group>
	<field name="win.eventdata.ScriptBlockText">System.Net.WebClient</field>
	<field name="win.eventdata.ScriptBlockText">.DownloadString\(</field>
	<description>ATT&CK T1086: Suspicious PowerShell Download</description>
	<info type="text">Detects suspicious PowerShell download command </info>
	<info type="text">Falsepositives: PowerShell scripts that download content from the Internet. </info>
	<info type="text">Sigma UUID: 65531a81-a694-4e31-ae04-f8ba5bc33759 </info>
	<group>attack.execution,attack.t1086,MITRE</group>
</rule>
