<rule id="270030" level="8">
	<if_group>windows</if_group>
	<field name="win.system.EventID">^4104$</field>
	<match>-Recurse</match>
	<regex>\|\.*Compress-Archive|Compress-Archive\.*\|</regex>
	<description>ATT&CK T1002: Data Compressed - Powershell</description>
	<info type="text">An adversary may compress data (e.g., sensitive documents) that is collected prior to exfiltration in order to make it portable and minimize the amount of data sent over the network </info>
	<info type="text">Falsepositives: highly likely if archive ops are done via PS. </info>
	<info type="text">Sigma UUID: 6dc5d284-69ea-42cf-9311-fb1c3932a69a </info>
	<info type="link">https://github.com/redcanaryco/atomic-red-team/blob/master/atomics/T1002/T1002.yaml </info>
	<group>attack.exfiltration,attack.t1002,MITRE</group>
</rule>
