<rule id="270130" level="14">
	<if_group>windows</if_group>
	<field name="win.system.EventID">^4103$</field>
	<match>PS ATTACK!!!</match>
	<description>ATT&CK T1086: PowerShell PSAttack</description>
	<info type="text">Detects the use of PSAttack PowerShell hack tool </info>
	<info type="text">Falsepositives: Pentesters. </info>
	<info type="text">Sigma UUID: b7ec41a4-042c-4f31-a5db-d0fcde9fa5c5 </info>
	<info type="link">https://adsecurity.org/?p=2921 </info>
	<group>attack.execution,attack.t1086,MITRE</group>
</rule>
