<!-- RegEx has to be converted to Wazuh RegEx -->
<!-- <rule id="270070" level="14">
	<if_group>windows</if_group>
	<field name="win.system.EventID">^4104$</field>
	<description>ATT&CK T1027: Invoke-Obfuscation Obfuscated IEX Invocation</description>
	<info type="text">Detects all variations of obfuscated powershell IEX invocation code generated by Invoke-Obfuscation framework from the following code block � https://github.com/danielbohannon/Invoke-Obfuscation/blob/master/Out-ObfuscatedStringCommand.ps1#L873-L888 </info>
	<info type="text">Falsepositives: Unknown. </info>
	<info type="text">Sigma UUID: 1b9dc62e-6e9e-42a3-8990-94d7a10007f7 </info>
	<group>attack.defense_evasion,attack.t1027,MITRE</group>
</rule>

<rule id="270072" level="14">
	<if_group>windows</if_group>
	<field name="win.system.EventID">^4103$</field>
	<description>ATT&CK T1027: Invoke-Obfuscation Obfuscated IEX Invocation</description>
	<info type="text">Detects all variations of obfuscated powershell IEX invocation code generated by Invoke-Obfuscation framework from the following code block � https://github.com/danielbohannon/Invoke-Obfuscation/blob/master/Out-ObfuscatedStringCommand.ps1#L873-L888 </info>
	<info type="text">Falsepositives: Unknown. </info>
	<info type="text">Sigma UUID: 1b9dc62e-6e9e-42a3-8990-94d7a10007f7 </info>
	<group>attack.defense_evasion,attack.t1027,MITRE</group>
</rule> -->
