<rule id="270120" level="14">
	<if_group>windows</if_group>
	<field name="win.system.EventID">^4104$</field>
	<match>PromptForCredential</match>
	<description>ATT&CK T1086: PowerShell Credential Prompt</description>
	<info type="text">Detects PowerShell calling a credential prompt </info>
	<info type="text">Falsepositives: Unknown. </info>
	<info type="text">Sigma UUID: ca8b77a9-d499-4095-b793-5d5f330d450e </info>
	<info type="link">https://twitter.com/JohnLaTwC/status/850381440629981184 </info>
	<info type="link">https://t.co/ezOTGy1a1G </info>
	<group>attack.execution,attack.credential_access,attack.t1086,MITRE</group>
</rule>
