<rule id="270140" level="14">
	<if_group>windows</if_group>
	<field name="win.system.EventID">^4103$|^400$</field>
	<field name="win.eventdata.HostName">ServerRemoteHost</field>
	<field name="win.eventdata.HostApplication">wsmprovhost.exe</field>
	<description>ATT&CK T1086: Remote PowerShell Session</description>
	<info type="text">Detects remote PowerShell sessions </info>
	<info type="text">Falsepositives: Legitimate use remote PowerShell sessions. </info>
	<info type="text">Sigma UUID: 96b9f619-aa91-478f-bacb-c3e50f8df575 </info>
	<info type="link">https://github.com/Cyb3rWard0g/ThreatHunter-Playbook/tree/master/playbooks/windows/02_execution/T1086_powershell/powershell_remote_session.md </info>
	<group>attack.execution,attack.t1086,MITRE</group>
</rule>

