<rule id="270090" level="14">
	<if_group>windows</if_group>
	<field name="win.eventdata.ScriptBlockText">AdjustTokenPrivileges|IMAGE_NT_OPTIONAL_HDR64_MAGIC|Microsoft.Win32.UnsafeNativeMethods|ReadProcessMemory.Invoke|SE_PRIVILEGE_ENABLED|LSA_UNICODE_STRING|MiniDumpWriteDump|PAGE_EXECUTE_READ|SECURITY_DELEGATION|TOKEN_ADJUST_PRIVILEGES|TOKEN_ALL_ACCESS|TOKEN_ASSIGN_PRIMARY|TOKEN_DUPLICATE|TOKEN_ELEVATION|TOKEN_IMPERSONATE|TOKEN_INFORMATION_CLASS|TOKEN_PRIVILEGES|TOKEN_QUERY|Metasploit|Mimikatz</field>
	<description>ATT&CK T1086: Malicious PowerShell Keywords</description>
	<info type="text">Detects keywords from well-known PowerShell exploitation frameworks </info>
	<info type="text">Falsepositives: Penetration tests. </info>
	<info type="text">Sigma UUID: f62176f3-8128-4faa-bf6c-83261322e5eb </info>
	<info type="link">https://adsecurity.org/?p=2921 </info>
	<group>attack.execution,attack.t1086,MITRE</group>
</rule>
