<rule id="250000" level="14">
	<if_group>sysmon_event1</if_group>
	<field name="win.eventdata.CommandLine">DumpCreds|mimikatz</field>
	<description>ATT&CK T1003 T1003 T1003 T1003 T1003: HackTool - Mimikatz Execution</description>
	<info type="text">Detection well-known mimikatz command line arguments </info>
	<info type="text">Falsepositives: Unlikely. </info>
	<info type="text">Sigma UUID: a642964e-bead-4bed-8910-1bb4d63e3b4d </info>
	<info type="link">https://www.slideshare.net/heirhabarov/hunting-for-credentials-dumping-in-windows-environment </info>
	<info type="link">https://tools.thehacker.recipes/mimikatz/modules </info>
	<group>attack.credential_access,attack.t1003.001,attack.t1003.002,attack.t1003.004,attack.t1003.005,attack.t1003.006,MITRE</group>
</rule>

<rule id="250001" level="14">
	<if_group>sysmon_event1</if_group>
	<field name="win.eventdata.CommandLine">::aadcookie|::detours|::memssp|::mflt|::ncroutemon|::ngcsign|::printnightmare|::skeleton|::preshutdown|::mstsc|::multirdp</field>
	<description>ATT&CK T1003 T1003 T1003 T1003 T1003: HackTool - Mimikatz Execution</description>
	<info type="text">Detection well-known mimikatz command line arguments </info>
	<info type="text">Falsepositives: Unlikely. </info>
	<info type="text">Sigma UUID: a642964e-bead-4bed-8910-1bb4d63e3b4d </info>
	<info type="link">https://www.slideshare.net/heirhabarov/hunting-for-credentials-dumping-in-windows-environment </info>
	<info type="link">https://tools.thehacker.recipes/mimikatz/modules </info>
	<group>attack.credential_access,attack.t1003.001,attack.t1003.002,attack.t1003.004,attack.t1003.005,attack.t1003.006,MITRE</group>
</rule>

<rule id="250002" level="14">
	<if_group>sysmon_event1</if_group>
	<field name="win.eventdata.CommandLine">rpc::|token::|crypto::|dpapi::|sekurlsa::|kerberos::|lsadump::|privilege::|process::|vault::</field>
	<description>ATT&CK T1003 T1003 T1003 T1003 T1003: HackTool - Mimikatz Execution</description>
	<info type="text">Detection well-known mimikatz command line arguments </info>
	<info type="text">Falsepositives: Unlikely. </info>
	<info type="text">Sigma UUID: a642964e-bead-4bed-8910-1bb4d63e3b4d </info>
	<info type="link">https://www.slideshare.net/heirhabarov/hunting-for-credentials-dumping-in-windows-environment </info>
	<info type="link">https://tools.thehacker.recipes/mimikatz/modules </info>
	<group>attack.credential_access,attack.t1003.001,attack.t1003.002,attack.t1003.004,attack.t1003.005,attack.t1003.006,MITRE</group>
</rule>

