<rule id="300360" level="15">
	<if_group>sysmon_event_13</if_group>
	<field name="win.eventdata.TargetObject">SYSTEM\\\\\.*ControlSet\.*\\\\Control\\\\Lsa\\\\lmcompatibilitylevel|SYSTEM\\\\\.*ControlSet\.*\\\\Control\\\\Lsa\.*\\\\NtlmMinClientSec|SYSTEM\\\\\.*ControlSet\.*\\\\Control\\\\Lsa\.*\\\\RestrictSendingNTLMTraffic</field>
	<description>ATT&CK T1212: NetNTLM Downgrade Attack</description>
	<info type="text">Detects post exploitation using NetNTLM downgrade attacks </info>
	<info type="text">Falsepositives: Unknown. </info>
	<info type="text">Sigma UUID: d67572a0-e2ec-45d6-b8db-c100d14b8ef2 </info>
	<info type="link">https://www.optiv.com/blog/post-exploitation-using-netntlm-downgrade-attacks </info>
	<group>attack.credential_access,attack.t1212,MITRE</group>
</rule>

<rule id="300361" level="15">
	<if_group>windows</if_group>
	<field name="win.system.EventID">^4657$</field>
	<field name="win.eventdata.ObjectName">\\\\REGISTRY\\\\MACHINE\\\\SYSTEM\\\\\.*ControlSet\.*\\\\Control\\\\Lsa</field>
	<field name="win.eventdata.ObjectValueName">LmCompatibilityLevel|NtlmMinClientSec|RestrictSendingNTLMTraffic</field>
	<description>ATT&CK T1212: NetNTLM Downgrade Attack</description>
	<info type="text">Detects post exploitation using NetNTLM downgrade attacks </info>
	<info type="text">Falsepositives: Unknown. </info>
	<info type="text">Sigma UUID: d67572a0-e2ec-45d6-b8db-c100d14b8ef2 </info>
	<info type="link">https://www.optiv.com/blog/post-exploitation-using-netntlm-downgrade-attacks </info>
	<group>attack.credential_access,attack.t1212,MITRE</group>
</rule>

