<rule id="300310" level="14">
	<if_group>windows</if_group>
	<field name="win.system.EventID">^4697$</field>
	<field name="win.eventdata.ServiceName">fgexec|wceservice|wce service|pwdump|gsecdump|cachedump|mimikatz|mimidrv</field>
	<field name="win.eventdata.ImagePath">fgexec|dumpsvc|cachedump|mimidrv|gsecdump|servpw|pwdump</field>
	<field name="win.eventdata.ImagePath">exe|scr|cpl|bat|js|cmd|vbs</field>
	<description>ATT&CK T1003 T1035 S0005: Credential Dumping Tools Service Execution</description>
	<info type="text">Detects well-known credential dumping tools execution via service execution events </info>
	<info type="text">Falsepositives: Legitimate Administrator using credential dumping tool for password recovery. </info>
	<info type="text">Sigma UUID: 4976aa50-8f41-45c6-8b15-ab3fc10e79ed </info>
	<info type="link">https://www.slideshare.net/heirhabarov/hunting-for-credentials-dumping-in-windows-environment </info>
	<group>attack.credential_access,attack.execution,attack.t1003,attack.t1035,attack.s0005,MITRE</group>
</rule>

<rule id="300311" level="14">
	<if_group>windows</if_group>
	<field name="win.system.EventID">^7045$</field>
	<field name="win.eventdata.ServiceName">fgexec|wceservice|wce service|pwdump|gsecdump|cachedump|mimikatz|mimidrv</field>
	<field name="win.eventdata.ImagePath">fgexec|dumpsvc|cachedump|mimidrv|gsecdump|servpw|pwdump</field>
	<field name="win.eventdata.ImagePath">exe|scr|cpl|bat|js|cmd|vbs</field>
	<description>ATT&CK T1003 T1035 S0005: Credential Dumping Tools Service Execution</description>
	<info type="text">Detects well-known credential dumping tools execution via service execution events </info>
	<info type="text">Falsepositives: Legitimate Administrator using credential dumping tool for password recovery. </info>
	<info type="text">Sigma UUID: 4976aa50-8f41-45c6-8b15-ab3fc10e79ed </info>
	<info type="link">https://www.slideshare.net/heirhabarov/hunting-for-credentials-dumping-in-windows-environment </info>
	<group>attack.credential_access,attack.execution,attack.t1003,attack.t1035,attack.s0005,MITRE</group>
</rule>

<rule id="300312" level="14">
	<if_group>sysmon_event6</if_group>
	<field name="win.eventdata.ServiceName">fgexec|wceservice|wce service|pwdump|gsecdump|cachedump|mimikatz|mimidrv</field>
	<field name="win.eventdata.ImagePath">fgexec|dumpsvc|cachedump|mimidrv|gsecdump|servpw|pwdump</field>
	<field name="win.eventdata.ImagePath">exe|scr|cpl|bat|js|cmd|vbs</field>
	<description>ATT&CK T1003 T1035 S0005: Credential Dumping Tools Service Execution</description>
	<info type="text">Detects well-known credential dumping tools execution via service execution events </info>
	<info type="text">Falsepositives: Legitimate Administrator using credential dumping tool for password recovery. </info>
	<info type="text">Sigma UUID: 4976aa50-8f41-45c6-8b15-ab3fc10e79ed </info>
	<info type="link">https://www.slideshare.net/heirhabarov/hunting-for-credentials-dumping-in-windows-environment </info>
	<group>attack.credential_access,attack.execution,attack.t1003,attack.t1035,attack.s0005,MITRE</group>
</rule>

<rule id="300313" level="14">
	<if_group>windows</if_group>
	<field name="win.system.EventID">^4697$</field>
	<field name="win.eventdata.ServiceName">fgexec|wceservice|wce service|pwdump|gsecdump|cachedump|mimikatz|mimidrv</field>
	<field name="win.eventdata.ImagePath">fgexec|dumpsvc|cachedump|mimidrv|gsecdump|servpw|pwdump</field>
	<field name="win.eventdata.ImagePath">exe|scr|cpl|bat|js|cmd|vbs</field>
	<description>ATT&CK T1003 T1035 S0005: Credential Dumping Tools Service Execution</description>
	<info type="text">Detects well-known credential dumping tools execution via service execution events </info>
	<info type="text">Falsepositives: Legitimate Administrator using credential dumping tool for password recovery. </info>
	<info type="text">Sigma UUID: 4976aa50-8f41-45c6-8b15-ab3fc10e79ed </info>
	<info type="link">https://www.slideshare.net/heirhabarov/hunting-for-credentials-dumping-in-windows-environment </info>
	<group>attack.credential_access,attack.execution,attack.t1003,attack.t1035,attack.s0005,MITRE</group>
</rule>

