<rule id="300540" level="15">
	<if_group>windows</if_group>
	<field name="win.system.EventID">^4656$</field>
	<field name="win.eventdata.ObjectType">SC_MANAGER OBJECT</field>
	<field name="win.eventdata.ObjectName">servicesactive</field>
	<match>Audit Failure</match>
	<field name="win.eventdata.SubjectLogonId">0x3e4</field>
	<description>ATT&CK: SCM Database Handle Failure</description>
	<info type="text">Detects non-system users failing to get a handle of the SCM database. </info>
	<info type="text">Falsepositives: Unknown. </info>
	<info type="text">Sigma UUID: 13addce7-47b2-4ca0-a98f-1de964d1d669 </info>
	<info type="link">https://github.com/Cyb3rWard0g/ThreatHunter-Playbook/tree/master/playbooks/windows/07_discovery/T1000_local_admin_check/local_admin_remote_check_openscmanager.md </info>
	<group>MITRE</group>
</rule>

