<rule id="300730" level="14">
	<if_group>windows</if_group>
	<field name="win.system.EventID">^4656$</field>
	<field name="win.eventdata.ObjectName">\\\\lsass.exe$</field>
	<field name="win.eventdata.AccessMask">0x40|0x1400|0x1000|0x100000|0x1410|0x1010|0x1438|0x143a|0x1418|0x1f0fff|0x1f1fff|0x1f2fff|0x1f3fff</field>
	<description>ATT&CK T1003: Generic Password Dumper Activity on LSASS</description>
	<info type="text">Detects process handle on LSASS process with certain access mask </info>
	<info type="text">Falsepositives: Legitimate software accessing LSASS process for legitimate reason; update the whitelist with it. </info>
	<info type="text">Sigma UUID: 4a1b6da0-d94f-4fc3-98fc-2d9cb9e5ee76 </info>
	<info type="link">https://cyberwardog.blogspot.com/2017/03/chronicles-of-threat-hunter-hunting-for_22.html </info>
	<info type="link">https://www.slideshare.net/heirhabarov/hunting-for-credentials-dumping-in-windows-environment </info>
	<group>attack.credential_access,attack.t1003,car.2019-04-004,MITRE</group>
</rule>

<rule id="300731" level="14">
	<if_group>windows</if_group>
	<field name="win.system.EventID">^4663$</field>
	<field name="win.eventdata.ObjectName">\\\\lsass.exe$</field>
	<field name="win.eventdata.AccessList">4484|4416</field>
	<match>!\\\\wmiprvse.exe$|\\\\taskmgr.exe$|\\\\procexp64.exe$|\\\\procexp.exe$|\\\\lsm.exe$|\\\\csrss.exe$|\\\\wininit.exe$|\\\\vmtoolsd.exe$</match>
	<description>ATT&CK T1003: Generic Password Dumper Activity on LSASS</description>
	<info type="text">Detects process handle on LSASS process with certain access mask </info>
	<info type="text">Falsepositives: Legitimate software accessing LSASS process for legitimate reason; update the whitelist with it. </info>
	<info type="text">Sigma UUID: 4a1b6da0-d94f-4fc3-98fc-2d9cb9e5ee76 </info>
	<info type="link">https://cyberwardog.blogspot.com/2017/03/chronicles-of-threat-hunter-hunting-for_22.html </info>
	<info type="link">https://www.slideshare.net/heirhabarov/hunting-for-credentials-dumping-in-windows-environment </info>
	<group>attack.credential_access,attack.t1003,car.2019-04-004,MITRE</group>
</rule>

