<rule id="300020" level="8">
	<if_group>windows</if_group>
	<field name="win.system.EventID">^4624$</field>
	<field name="win.eventdata.LogonType">10</field>
	<field name="win.eventdata.AuthenticationPackageName">Negotiate</field>
	<field name="win.eventdata.AccountName">Admin-</field>
	<description>ATT&CK T1078: Admin User Remote Logon</description>
	<info type="text">Detect remote login by Administrator user depending on internal pattern </info>
	<info type="text">Falsepositives: Legitimate administrative activity. </info>
	<info type="text">Sigma UUID: 0f63e1ef-1eb9-4226-9d54-8927ca08520a </info>
	<info type="link">https://car.mitre.org/wiki/CAR-2016-04-005 </info>
	<group>attack.lateral_movement,attack.t1078,car.2016-04-005,MITRE</group>
</rule>

