<rule id="300180" level="15">
	<if_group>windows</if_group>
	<field name="win.eventdata.Source">Microsoft-Windows-Audit-CVE</field>
	<description>ATT&CK: Audit CVE Event</description>
	<info type="text">Detects events generated by Windows to indicate the exploitation of a known vulnerability (e.g. CVE-2020-0601) </info>
	<info type="text">Falsepositives: Unknown. </info>
	<info type="text">Sigma UUID: 48d91a3a-2363-43ba-a456-ca71ac3da5c2 </info>
	<info type="link">https://twitter.com/mattifestation/status/1217179698008068096 </info>
	<info type="link">https://twitter.com/VM_vivisector/status/1217190929330655232 </info>
	<info type="link">https://twitter.com/davisrichardg/status/1217517547576348673 </info>
	<info type="link">https://twitter.com/DidierStevens/status/1217533958096924676 </info>
	<info type="link">https://twitter.com/FlemmingRiis/status/1217147415482060800 </info>
	<group>MITRE</group>
</rule>

