<rule id="300800" level="10">
	<if_group>windows</if_group>
	<field name="win.system.EventID">^4769$</field>
	<field name="win.eventdata.TicketOptions">0x40810000</field>
	<field name="win.eventdata.TicketEncryptionType">0x17</field>
	<description>ATT&CK T1208: Suspicious Kerberos RC4 Ticket Encryption</description>
	<info type="text">Detects service ticket requests using RC4 encryption type </info>
	<info type="text">Falsepositives: Service accounts used on legacy systems (e.g. NetApp). Windows Domains with DFL 2003 and legacy systems. </info>
	<info type="text">Sigma UUID: 496a0e47-0a33-4dca-b009-9e6ca3591f39 </info>
	<info type="link">https://adsecurity.org/?p=3458 </info>
	<info type="link">https://www.trimarcsecurity.com/single-post/TrimarcResearch/Detecting-Kerberoasting-Activity </info>
	<group>attack.credential_access,attack.t1208,MITRE</group>
</rule>

<rule id="300801" level="0">
	<if_sid>300800</if_sid>
	<field name="win.eventdata.ServiceName">\$</field>
	<description>Whitelist Interaction: Suspicious Kerberos RC4 Ticket Encryption</description>
	<group>attack.credential_access,attack.t1208,MITRE</group>
</rule>

