<rule id="300270" level="14">
	<if_group>windows</if_group>
	<field name="win.system.EventID">^5145$</field>
	<field name="win.eventdata.ShareName">\\\\\.*\\\\ADMIN\$</field>
	<field name="win.eventdata.RelativeTargetName">SYSTEM32\\\\\.*.tmp</field>
	<description>ATT&CK T1003: Possible Impacket SecretDump Remote Activity</description>
	<info type="text">Detect AD credential dumping using impacket secretdump HKTL </info>
	<info type="text">Falsepositives: pentesting. </info>
	<info type="text">Sigma UUID: 252902e3-5830-4cf6-bf21-c22083dfd5cf </info>
	<info type="link">https://blog.menasec.net/2019/02/threat-huting-10-impacketsecretdump.html </info>
	<group>attack.credential_access,attack.t1003,MITRE</group>
</rule>

