<rule id="300830" level="14">
	<if_group>windows</if_group>
	<field name="win.system.EventID">^16$</field>
	<regex>\\\\AppData\\\\Local\\\\Temp\\\\SAM-\.*.dmp </regex>
	<description>ATT&CK T1003: SAM Dump to AppData</description>
	<info type="text">Detects suspicious SAM dump activity as cause by QuarksPwDump and other password dumpers </info>
	<info type="text">Falsepositives: Penetration testing. </info>
	<info type="text">Sigma UUID: 839dd1e8-eda8-4834-8145-01beeee33acd </info>
	<group>attack.credential_access,attack.t1003,MITRE</group>
</rule>

