<rule id="300460" level="15">
	<if_group>windows</if_group>
	<field name="win.system.EventID">^4625$</field>
	<field name="win.eventdata.AccountName">AAAAAAA</field>
	<description>ATT&CK T1210: Scanner PoC for CVE-2019-0708 RDP RCE Vuln</description>
	<info type="text">Detects the use of a scanner by zerosum0x0 that discovers targets vulnerable to  CVE-2019-0708 RDP RCE aka BlueKeep </info>
	<info type="text">Falsepositives: Unlikely. </info>
	<info type="text">Sigma UUID: 8400629e-79a9-4737-b387-5db940ab2367 </info>
	<info type="link">https://twitter.com/AdamTheAnalyst/status/1134394070045003776 </info>
	<info type="link">https://github.com/zerosum0x0/CVE-2019-0708 </info>
	<group>attack.lateral_movement,attack.t1210,car.2013-07-002,MITRE</group>
</rule>

