<rule id="300290" level="14">
	<if_group>windows</if_group>
	<field name="win.system.EventID">^5145$</field>
	<field name="win.eventdata.ShareName">\\\\\.*\\\\IPC\$</field>
	<match>!atsvc|samr|lsarpc|winreg|netlogon|srvsvc|protected_storage|wkssvc|browser|netdfs|svcctl|spoolss|ntsvcs|LSM_API_service|HydraLsPipe|TermSrv_API_service|MsFteWds</match>
	<description>ATT&CK T1077: First Time Seen Remote Named Pipe</description>
	<info type="text">This detection excludes known namped pipes accessible remotely and notify on newly observed ones, may help to detect lateral movement and remote exec using named pipes </info>
	<info type="text">Falsepositives: update the excluded named pipe to filter out any newly observed legit named pipe. </info>
	<info type="text">Sigma UUID: 52d8b0c6-53d6-439a-9e41-52ad442ad9ad </info>
	<info type="link">https://twitter.com/menasec1/status/1104489274387451904 </info>
	<group>attack.lateral_movement,attack.t1077,MITRE</group>
</rule>

