<rule id="300380" level="14">
	<if_group>windows</if_group>
	<field name="win.system.EventID">^4624$</field>
	<field name="win.eventdata.LogonType">9</field>
	<field name="win.eventdata.LogonProcessName">seclogo</field>
	<field name="win.eventdata.AuthenticationPackageName">Negotiate</field>
	<description>ATT&CK T1075 S0002: Successful Overpass the Hash Attempt</description>
	<info type="text">Detects successful logon with logon type 9 (NewCredentials) which matches the Overpass the Hash behavior of e.g Mimikatz's sekurlsa::pth module. </info>
	<info type="text">Falsepositives: Runas command-line tool using /netonly parameter. </info>
	<info type="text">Sigma UUID: 192a0330-c20b-4356-90b6-7b7049ae0b87 </info>
	<info type="link">https://cyberwardog.blogspot.de/2017/04/chronicles-of-threat-hunter-hunting-for.html </info>
	<group>attack.lateral_movement,attack.t1075,attack.s0002,MITRE</group>
</rule>

