<rule id="300850" level="14">
	<if_group>windows</if_group>
	<field name="win.system.EventID">^517$|^1102$</field>
	<description>ATT&CK T1070: Security Eventlog Cleared</description>
	<info type="text">Some threat groups tend to delete the local 'Security' Eventlog using certain utitlities </info>
	<info type="text">Falsepositives: Rollout of log collection agents (the setup routine often includes a reset of the local Eventlog). System provisioning (system reset before the golden image creation). </info>
	<info type="text">Sigma UUID: f2f01843-e7b8-4f95-a35a-d23584476423 </info>
	<group>attack.defense_evasion,attack.t1070,car.2016-04-002,MITRE</group>
</rule>

