<rule id="300780" level="14">
	<if_group>windows</if_group>
	<field name="win.system.EventID">^5145$</field>
	<field name="win.eventdata.ShareName">\\\\\.*\\\\IPC\$</field>
	<field name="win.eventdata.RelativeTargetName">-stdin|-stdout|-stderr</field>
	<match>!PSEXESVC</match>
	<description>ATT&CK T1077: Suspicious PsExec Execution</description>
	<info type="text">detects execution of psexec or paexec with renamed service name, this rule helps to filter out the noise if psexec is used for legit purposes or if attacker uses a different psexec client other than sysinternal one </info>
	<info type="text">Falsepositives: nothing observed so far. </info>
	<info type="text">Sigma UUID: c462f537-a1e3-41a6-b5fc-b2c2cef9bf82 </info>
	<info type="link">https://blog.menasec.net/2019/02/threat-hunting-3-detecting-psexec.html </info>
	<group>attack.lateral_movement,attack.t1077,MITRE</group>
</rule>

