<rule id="300960" level="10">
	<if_group>windows</if_group>
	<field name="win.system.EventID">^4673$</field>
	<field name="win.eventdata.PrivilegeList">SeLoadDriverPrivilege</field>
	<field name="win.eventdata.Service">-</field>
	<match>!\\Windows\\System32\\Dism.exe|\\Windows\\System32\\rundll32.exe|\\Windows\\System32\\fltMC.exe|\\Windows\\HelpPane.exe|\\Windows\\System32\\mmc.exe|\\Windows\\System32\\svchost.exe|\\Windows\\System32\\wimserv.exe|\\procexp64.exe|\\procexp.exe|\\procmon64.exe|\\procmon.exe</match>
	<description>ATT&CK T1089: Suspicious Driver Loaded By User</description>
	<info type="text">Detects the loading of drivers via 'SeLoadDriverPrivilege' required to load or unload a device driver. With this privilege, the user can dynamically load and unload device drivers or other code in to kernel mode. This user right does not apply to Plug and Play device drivers. If you exclude privileged users/admins and processes, which are allowed to do so, you are maybe left with bad programs trying to load malicious kernel drivers. This will detect Ghost-In-The-Logs (https://github.com/bats3c/Ghost-In-The-Logs) and the usage of Sysinternals and various other tools. So you have to work with a whitelist to find the bad stuff. </info>
	<info type="text">Falsepositives: {'Other legimate tools loading drivers. There are some': 'Sysinternals, CPU-Z, AVs etc. - but not much. You have to baseline this according to your used products and allowed tools. Also try to exclude users, which are allowed to load drivers.'}. </info>
	<info type="text">Sigma UUID: f63508a0-c809-4435-b3be-ed819394d612 </info>
	<info type="link">https://blog.dylan.codes/evading-sysmon-and-windows-event-logging/ </info>
	<info type="link">https://docs.microsoft.com/en-us/windows/security/threat-protection/auditing/event-4673 </info>
	<group>attack.t1089,attack.defense_evasion,MITRE</group>
</rule>

