<rule id="300070" level="14">
	<if_group>windows</if_group>
	<field name="win.system.EventID">^4704$</field>
	<regex>SeEnableDelegationPrivilege</regex>
	<description>ATT&CK T1078: Enabled User Right in AD to Control User Objects</description>
	<info type="text">Detects scenario where if a user is assigned the SeEnableDelegationPrivilege right in Active Directory it would allow control of other AD user objects. </info>
	<info type="text">Falsepositives: Unknown. </info>
	<info type="text">Sigma UUID: 311b6ce2-7890-4383-a8c2-663a9f6b43cd </info>
	<info type="link">https://www.harmj0y.net/blog/activedirectory/the-most-dangerous-user-right-you-probably-have-never-heard-of/ </info>
	<group>attack.privilege_escalation,attack.t1078,MITRE</group>
</rule>

