<rule id="300350" level="14">
	<if_group>sysmon_event1</if_group>
	<field name="win.eventdata.ParentImage">\\\\svchost.exe</field>
	<field name="win.eventdata.Image">\\\\mmc.exe</field>
	<field name="win.eventdata.CommandLine">-Embedding</field>
	<description>ATT&CK T1175: MMC20 Lateral Movement</description>
	<info type="text">Detects MMC20.Application Lateral Movement; specifically looks for the spawning of the parent MMC.exe with a command line of "-Embedding" as a child of svchost.exe </info>
	<info type="text">Falsepositives: Unlikely. </info>
	<info type="text">Sigma UUID: f1f3bf22-deb2-418d-8cce-e1a45e46a5bd </info>
	<info type="link">https://enigma0x3.net/2017/01/05/lateral-movement-using-the-mmc20-application-com-object/ </info>
	<info type="link">https://drive.google.com/file/d/1lKya3_mLnR3UQuCoiYruO3qgu052_iS_/view?usp=sharing </info>
	<group>attack.execution,attack.t1175,MITRE</group>
</rule>

