<rule id="300500" level="15">
	<if_group>windows</if_group>
	<field name="win.system.EventID">^4611$</field>
	<field name="win.eventdata.LogonProcessName">User32LogonProcesss</field>
	<description>ATT&CK T1208: Register new Logon Process by Rubeus</description>
	<info type="text">Detects potential use of Rubeus via registered new trusted logon process </info>
	<info type="text">Falsepositives: Unkown. </info>
	<info type="text">Sigma UUID: 12e6d621-194f-4f59-90cc-1959e21e69f7 </info>
	<info type="link">https://posts.specterops.io/hunting-in-active-directory-unconstrained-delegation-forests-trusts-71f2b33688e1 </info>
	<group>attack.lateral_movement,attack.privilege_escalation,attack.t1208,MITRE</group>
</rule>

