<rule id="300910" level="10">
	<if_group>windows</if_group>
	<field name="win.system.EventID">^5145$</field>
	<field name="win.eventdata.RelativeTargetName">\\\\mimidrv|\\\\lsass|\\\\windows\\\\minidump\\\\|\\\\hiberfil|\\\\sqldmpr|\\\\sam|\\\\ntds.dit|\\\\security</field>
	<description>ATT&CK T1003: Transfering Files with Credential Data via Network Shares</description>
	<info type="text">Transfering files with well-known filenames (sensitive files with credential data) using network shares </info>
	<info type="text">Falsepositives: Transfering sensitive files for legitimate administration work by legitimate administrator. </info>
	<info type="text">Sigma UUID: 910ab938-668b-401b-b08c-b596e80fdca5 </info>
	<info type="link">https://www.slideshare.net/heirhabarov/hunting-for-credentials-dumping-in-windows-environment </info>
	<group>attack.credential_access,attack.t1003,MITRE</group>
</rule>

