<rule id="300210" level="14">
	<if_group>windows</if_group>
	<field name="win.system.EventID">^4719$</field>
	<field name="win.eventdata.AuditPolicyChanges">removed</field>
	<description>ATT&CK T1054: Disabling Windows Event Auditing</description>
	<info type="text">Detects scenarios where system auditing (ie: windows event log auditing) is disabled. This may be used in a scenario where an entity would want to bypass local logging to evade detection when windows event logging is enabled and reviewed. Also, it is recommended to turn off "Local Group Policy Object Processing" via GPO, which will make sure that Active Directory GPOs take precedence over local/edited computer policies via something such as "gpedit.msc". Please note, that disabling "Local Group Policy Object Processing" may cause an issue in scenarios of one off specific GPO modifications -- however it is recommended to perform these modifications in Active Directory anyways. </info>
	<info type="text">Falsepositives: Unknown. </info>
	<info type="text">Sigma UUID: 69aeb277-f15f-4d2d-b32a-55e883609563 </info>
	<info type="link">https://bit.ly/WinLogsZero2Hero </info>
	<group>attack.defense_evasion,attack.t1054,MITRE</group>
</rule>

