<rule id="300690" level="14">
	<if_group>windows</if_group>
	<field name="win.system.EventID">^675$|^4768$|^4769$|^4771$</field>
	<field name="win.eventdata.FailureCode">0x9|0xA|0xB|0xF|0x10|0x11|0x13|0x14|0x1A|0x1F|0x21|0x22|0x23|0x24|0x26|0x27|0x28|0x29|0x2C|0x2D|0x2E|0x2F|0x31|0x32|0x3E|0x3F|0x40|0x41|0x43|0x44</field>
	<description>ATT&CK T1212: Kerberos Manipulation</description>
	<info type="text">This method triggers on rare Kerberos Failure Codes caused by manipulations of Kerberos messages </info>
	<info type="text">Falsepositives: Faulty legacy applications. </info>
	<info type="text">Sigma UUID: f7644214-0eb0-4ace-9455-331ec4c09253 </info>
	<group>attack.credential_access,attack.t1212,MITRE</group>
</rule>

