<rule id="300230" level="15">
	<if_group>windows</if_group>
	<field name="win.system.EventID">^4692$</field>
	<description>ATT&CK T1003: DPAPI Domain Master Key Backup Attempt</description>
	<info type="text">Detects anyone attempting a backup for the DPAPI Master Key. This events gets generated at the source and not the Domain Controller. </info>
	<info type="text">Falsepositives: Unknown. </info>
	<info type="text">Sigma UUID: 39a94fd1-8c9a-4ff6-bf22-c058762f8014 </info>
	<info type="link">https://github.com/Cyb3rWard0g/ThreatHunter-Playbook/tree/master/playbooks/windows/06_credential_access/T1003_credential_dumping/domain_dpapi_backupkey_extraction.md </info>
	<group>attack.credential_access,attack.t1003,MITRE</group>
</rule>

