<rule id="300640" level="14">
	<if_group>windows</if_group>
	<field name="win.system.EventID">^4794$</field>
	<description>ATT&CK T1098: Password Change on Directory Service Restore Mode (DSRM) Account</description>
	<info type="text">The Directory Service Restore Mode (DSRM) account is a local administrator account on Domain Controllers. Attackers may change the password to gain persistence. </info>
	<info type="text">Falsepositives: Initial installation of a domain controller. </info>
	<info type="text">Sigma UUID: 53ad8e36-f573-46bf-97e4-15ba5bf4bb51 </info>
	<info type="link">https://adsecurity.org/?p=1714 </info>
	<group>attack.persistence,attack.privilege_escalation,attack.t1098,MITRE</group>
</rule>

