<rule id="300120" level="14">
	<if_group>windows</if_group>
	<field name="win.system.EventID">^4776$</field>
	<field name="win.eventdata.Workstation">RULER</field>
	<description>ATT&CK T1087 T1075 T1114 T1059: Hacktool Ruler</description>
	<info type="text">This events that are generated when using the hacktool Ruler by Sensepost </info>
	<info type="text">Falsepositives: Go utilities that use staaldraad awesome NTLM library. </info>
	<info type="text">Sigma UUID: 24549159-ac1b-479c-8175-d42aea947cae </info>
	<info type="link">https://github.com/sensepost/ruler </info>
	<info type="link">https://github.com/sensepost/ruler/issues/47 </info>
	<info type="link">https://github.com/staaldraad/go-ntlm/blob/master/ntlm/ntlmv1.go#L427 </info>
	<info type="link">https://docs.microsoft.com/en-us/windows/security/threat-protection/auditing/event-4776 </info>
	<info type="link">https://docs.microsoft.com/en-us/windows/security/threat-protection/auditing/event-4624 </info>
	<group>attack.discovery,attack.execution,attack.t1087,attack.t1075,attack.t1114,attack.t1059,MITRE</group>
</rule>

<rule id="300121" level="14">
	<if_group>windows</if_group>
	<field name="win.system.EventID">^4624$|^4625$</field>
	<field name="win.eventdata.WorkstationName">RULER</field>
	<description>ATT&CK T1087 T1075 T1114 T1059: Hacktool Ruler</description>
	<info type="text">This events that are generated when using the hacktool Ruler by Sensepost </info>
	<info type="text">Falsepositives: Go utilities that use staaldraad awesome NTLM library. </info>
	<info type="text">Sigma UUID: 24549159-ac1b-479c-8175-d42aea947cae </info>
	<info type="link">https://github.com/sensepost/ruler </info>
	<info type="link">https://github.com/sensepost/ruler/issues/47 </info>
	<info type="link">https://github.com/staaldraad/go-ntlm/blob/master/ntlm/ntlmv1.go#L427 </info>
	<info type="link">https://docs.microsoft.com/en-us/windows/security/threat-protection/auditing/event-4776 </info>
	<info type="link">https://docs.microsoft.com/en-us/windows/security/threat-protection/auditing/event-4624 </info>
	<group>attack.discovery,attack.execution,attack.t1087,attack.t1075,attack.t1114,attack.t1059,MITRE</group>
</rule>

