<rule id="300760" level="14">
	<if_group>windows</if_group>
	<field name="win.system.EventID">^4661$</field>
	<field name="win.eventdata.ObjectType">SAM_USER</field>
	<field name="win.eventdata.ObjectName">S-1-5-21-\.*-500</field>
	<field name="win.eventdata.AccessMask">0x2d</field>
	<description>ATT&CK T1087 T1069 S0039: Reconnaissance Activity</description>
	<info type="text">Detects activity as "net user administrator /domain" and "net group domain admins /domain" </info>
	<info type="text">Falsepositives: Administrator activity. Penetration tests. </info>
	<info type="text">Sigma UUID: 968eef52-9cff-4454-8992-1e74b9cbad6c </info>
	<info type="link">https://findingbad.blogspot.de/2017/01/hunting-what-does-it-look-like.html </info>
	<group>attack.discovery,attack.t1087,attack.t1069,attack.s0039,MITRE</group>
</rule>

<rule id="300761" level="14">
	<if_group>windows</if_group>
	<field name="win.system.EventID">^4661$</field>
	<field name="win.eventdata.ObjectType">SAM_GROUP</field>
	<field name="win.eventdata.ObjectName">S-1-5-21-\.*-512</field>
	<field name="win.eventdata.AccessMask">0x2d</field>
	<description>ATT&CK T1087 T1069 S0039: Reconnaissance Activity</description>
	<info type="text">Detects activity as "net user administrator /domain" and "net group domain admins /domain" </info>
	<info type="text">Falsepositives: Administrator activity. Penetration tests. </info>
	<info type="text">Sigma UUID: 968eef52-9cff-4454-8992-1e74b9cbad6c </info>
	<info type="link">https://findingbad.blogspot.de/2017/01/hunting-what-does-it-look-like.html </info>
	<group>attack.discovery,attack.t1087,attack.t1069,attack.s0039,MITRE</group>
</rule>

