<rule id="280020" level="8">
	<if_group>windows</if_group>
	<field name="win.system.EventID">^7045$</field>
	<field name="win.eventdata.ServiceName">PSEXESVC</field>
	<field name="win.eventdata.ServiceFileName">\\\\PSEXESVC.exe</field>
	<description>ATT&CK T1035 S0029: PsExec Tool Execution</description>
	<info type="text">Detects PsExec service installation and execution events (service and Sysmon) </info>
	<info type="text">Falsepositives: unknown. </info>
	<info type="text">Sigma UUID: 42c575ea-e41e-41f1-b248-8093c3e82a28 </info>
	<info type="link">https://www.jpcert.or.jp/english/pub/sr/ir_research.html </info>
	<info type="link">https://jpcertcc.github.io/ToolAnalysisResultSheet </info>
	<group>attack.execution,attack.t1035,attack.s0029,MITRE</group>
</rule>

<rule id="280021" level="8">
	<if_group>windows</if_group>
	<field name="win.system.EventID">^7036$</field>
	<field name="win.eventdata.ServiceName">PSEXESVC</field>
	<description>ATT&CK T1035 S0029: PsExec Tool Execution</description>
	<info type="text">Detects PsExec service installation and execution events (service and Sysmon) </info>
	<info type="text">Falsepositives: unknown. </info>
	<info type="text">Sigma UUID: 42c575ea-e41e-41f1-b248-8093c3e82a28 </info>
	<info type="link">https://www.jpcert.or.jp/english/pub/sr/ir_research.html </info>
	<info type="link">https://jpcertcc.github.io/ToolAnalysisResultSheet </info>
	<group>attack.execution,attack.t1035,attack.s0029,MITRE</group>
</rule>

<rule id="280022" level="8">
	<if_group>sysmon_event1</if_group>
	<field name="win.eventdata.Image">\\\\PSEXESVC.exe</field>
	<field name="win.eventdata.User">NT AUTHORITY\\\\SYSTEM</field>
	<description>ATT&CK T1035 S0029: PsExec Tool Execution</description>
	<info type="text">Detects PsExec service installation and execution events (service and Sysmon) </info>
	<info type="text">Falsepositives: unknown. </info>
	<info type="text">Sigma UUID: 42c575ea-e41e-41f1-b248-8093c3e82a28 </info>
	<info type="link">https://www.jpcert.or.jp/english/pub/sr/ir_research.html </info>
	<info type="link">https://jpcertcc.github.io/ToolAnalysisResultSheet </info>
	<group>attack.execution,attack.t1035,attack.s0029,MITRE</group>
</rule>

